change,2020-01-16|23,2020-01-24|31,2020-02-01|07,2020-02-08|15,2020-02-16|23,2020-02-24|31,2020-03-01|07,2020-03-08|15,2020-03-16|23,2020-03-24|31,2020-04-01|07,2020-04-08|15,2020-04-16|23,2020-04-24|31,2020-05-01|07,2020-05-08|15,2020-05-16|23,2020-05-24|31,2020-06-01|07,2020-06-08|15,2020-06-16|23,2020-06-24|31,2020-07-01|07,2020-07-08|15,2020-07-16|23,2020-07-24|31,2020-08-01|07,2020-08-08|15,2020-08-16|23,2020-08-24|31,2020-09-01|07,2020-09-08|15,2020-09-16|23,2020-09-24|31,2020-10-01|07,2020-10-08|15,2020-10-16|23,2020-10-24|31,2020-11-01|07,2020-11-08|15,2020-11-16|23,2020-11-24|31,2020-12-01|07,2020-12-08|15,2020-12-16|23,2020-12-24|31,2021-01-01|07,2021-01-08|15,2021-01-16|23,2021-01-24|31,2021-02-01|07,2021-02-08|15,2021-02-16|23,2021-02-24|31,2021-03-01|07,2021-03-08|15,2021-03-16|23
E_L73F,,,,,,,,,,,,,,,,,,,,,,,,,,,,,,,,,,,,,,,,,,,,,,,,,,,,,,,,,
E_P71S,,,,,,,,,,,,,,,,,,,,,,,,,,,,,,,,,,,,,,,,,,,,,,,,,,"(-0.4045, 0.0054, 15)","(-0.12, 0.0085, 17)","(0.3121, 0.0101, 19)",,,,,
E_R69I,,,,,,,,,,,,,,,,,,,,,,,,,,,,,,,,,,,,,"(0.1668, 0.0649, 10)",,,,,,,,,,,,,,,,,,,,
M_K15N,,,,,,,,,,,,,,,,,,,,,,,,,,,,,,,,,,,,,,,,,,,,,,,,,,,,,,,,,
M_V70L,,,,,,,,,,,,,,,,,,,,,,,,,,,,,,,,,,,,,,,,,,,,,,,,"(-0.3616, 0.0143, 27)","(-0.4381, 0.0161, 24)",,,,"(0.4613, 0.0138, 9)",,,,
N_A119S,,,,,,,,,,,,,,,,,,,,,,,,,,,,,,,,,,,,,,,,,,,,,,,,,,,,"(0.2374, 0.0064, 12)",,,,,
N_A208-,,,,,,,,,,,,,,,,,,,,,,,,,,,,,,,,,,,,,,,,,,,,,,,,,,,,,,,,,
N_A208V,,,,,,,,,,,,,,,,,,,,,,,,,,,,,,,,,,,,,,,,,,,,,,,,,"(-0.3498, 0.0101, 15)","(-0.7401, 0.0051, 14)",,,,,,,
N_A251V,,,,,,,,,,,,,,,,,,,,,,,,,,,,,,,,,,,,,,,,,,,,,,,,,,,,,,,,,
N_A398V,,,,,,,,,,,,,,,,,,,,,,,,,,,,,,,,,,,,,,,,,,,,"(-0.0518, 0.0122, 11)","(-0.0806, 0.0074, 9)","(-0.3091, 0.0066, 8)","(0.1121, 0.0092, 10)","(0.1288, 0.0085, 16)","(-0.0271, 0.0087, 13)","(-0.5373, 0.0029, 8)",,,,,,,
N_D144H,,,,,,,,,,,,,,,,,,,,,,,,,,,,,,,,,,,,,,,,,,,,,,,,,,"(-0.5476, 0.0087, 24)","(-0.2092, 0.0119, 24)","(0.0215, 0.0091, 17)","(-0.1315, 0.0092, 6)",,,,
N_D144Y,,,,,,,,,,,,,,,,,,,,,,,,,,,,,,,,,,,,,,,,,,,,,,,,,"(0.2228, 0.0101, 15)","(0.012, 0.0033, 9)","(-0.2618, 0.006, 12)",,,,,,
N_D371Y,,,,,,,,,,,,,,,,,,,,,,,,,,,,,,,,,,,,,,,,,,,,,,,,"(-0.6503, 0.0042, 8)","(-0.1983, 0.0081, 12)",,,,,,,,
N_D377Y,,,,,,,,,,,,,,,,,,,,,,,,,,,,,,,,,,,,,,,,,,,"(0.4051, 0.0371, 30)","(-0.4188, 0.0133, 12)","(-0.3846, 0.0172, 21)","(0.4265, 0.0311, 38)","(0.329, 0.0332, 36)","(0.1221, 0.0398, 75)","(0.0445, 0.0363, 54)","(-0.3739, 0.0188, 52)","(-0.2527, 0.0219, 44)","(0.0628, 0.0213, 40)","(0.2151, 0.0336, 22)","(0.0067, 0.0216, 9)","(-0.1411, 0.0254, 12)",,
N_D3L,,,,,,,,,,,,,,,,,,,,,,,,,,,,,,,,,,,,,,,,,,,,,,,,,,,"(0.1337, 0.0149, 30)","(0.7327, 0.0251, 47)","(0.4705, 0.0382, 25)","(0.147, 0.0337, 14)","(0.2532, 0.0634, 30)",,
N_D401Y,,,,,,,,,,,,,,,,,,,,,,,,,,,,,,,,,,,,,,,,,,,,,,"(-0.1499, 0.0074, 9)","(0.171, 0.0138, 15)","(0.293, 0.0133, 25)","(-0.4726, 0.0054, 8)","(0.1249, 0.017, 47)","(0.7021, 0.0219, 44)","(0.0171, 0.0176, 33)","(-0.3575, 0.0107, 7)",,,,
N_D402H,,,,,,,,,,,,,,,,,,,,,,,,,,,,,,,,,,,,,,,,,,,,,,"(-0.1499, 0.0057, 7)","(0.5899, 0.024, 26)","(0.2258, 0.009, 17)","(-0.8914, 0.004, 6)","(-0.4084, 0.004, 11)",,,,,,,
N_E31Q,,,,,,,,,,,,,,,,,,,,,,,,,,,,,,,,,,,,,,,,,,,,,,,,,,,,,,,,,
N_E378Q,,,,,,,,,,,,,,,,,,,,,,,,,,,,,,,,,,,,,,,,,,,,,,,,,,,,,,,,,
N_G204R,,,,,,,,,,"(-0.0993, 0.069, 28)","(-0.3632, 0.0484, 17)","(0.0699, 0.0793, 23)","(0.6289, 0.1704, 46)","(0.3822, 0.1703, 54)","(-0.2928, 0.0949, 24)","(-0.1801, 0.1188, 36)","(0.2763, 0.1648, 45)","(0.3745, 0.2513, 49)","(-0.1383, 0.125, 25)","(-0.1141, 0.2, 29)","(0.3412, 0.2473, 69)","(0.0723, 0.2311, 55)","(0.1116, 0.3092, 64)","(0.1365, 0.3036, 150)","(0.0718, 0.357, 136)","(0.0485, 0.3346, 91)","(-0.2137, 0.2328, 44)","(-0.1264, 0.2598, 33)","(-0.045, 0.2128, 40)","(-0.1694, 0.1852, 30)","(-0.0738, 0.1836, 38)","(0.0522, 0.2056, 37)","(0.1063, 0.2271, 47)","(0.075, 0.2388, 32)","(-0.0225, 0.2171, 28)","(-0.1433, 0.1793, 26)","(-0.1869, 0.1494, 23)","(0.0154, 0.1849, 27)","(0.1015, 0.183, 43)","(-0.3626, 0.0896, 30)","(-0.1097, 0.1469, 98)","(0.1212, 0.1141, 93)","(-0.0342, 0.1372, 111)","(-0.0968, 0.094, 85)","(-0.1084, 0.1105, 135)","(-0.0395, 0.0869, 106)","(-0.0758, 0.0949, 103)","(0.0497, 0.096, 181)","(0.0396, 0.1028, 153)","(-0.1212, 0.0753, 208)","(-0.0446, 0.094, 189)","(0.0628, 0.0854, 160)","(0.0578, 0.1055, 69)","(0.2452, 0.1394, 58)","(0.1398, 0.1395, 66)",,
N_G238C,,,,,,,,,,,,,,,,,,,,,,,,,,,,,,,,,,,,,,,,,,,,,,,,,,,,,,,,,
N_L139F,,,,,,,,,,,,,,,,,,,,,,,,,,,,,,,,,,,,,,,,,,,,,,,,,,"(-0.0469, 0.0029, 8)",,,,,,,
N_M210I,,,,,,,,,,,,,,,,,,,,,,,,,,,,,,,,,,,,,,,,,,,,,,,,,,,,,,,,,
N_M234I,,,,,,,,,,,,,,,,,,,,,,,,,,,,,,,,,,,,,,,,,"(-0.2662, 0.0225, 15)","(-0.1369, 0.0454, 37)","(0.1172, 0.0284, 23)","(0.1815, 0.0653, 59)","(0.4474, 0.0696, 85)","(0.05, 0.0721, 88)","(0.1457, 0.0931, 101)","(0.1644, 0.1002, 189)","(0.0932, 0.1122, 167)","(0.2896, 0.1789, 494)","(0.2488, 0.1845, 371)","(0.1128, 0.2241, 420)","(0.0779, 0.2156, 141)","(-0.0121, 0.2188, 91)","(0.0557, 0.241, 114)",,
N_P13L,,,,,,,,,,,,,,,,,,,,,,,,,,,,,,,,,,,,,,,,,,,,,,,,,,"(-0.4335, 0.0029, 8)","(-0.0499, 0.0055, 11)",,,,,,
N_P168S,,,,,,,,,,,,,,,,,,,,,,,,,,,,,,,,,,,,,,,,,,,,,,,,,,,,,,,,,
N_P199L,,,,,,,,,,,,,,,,,,,,,,,,,,,,,,,,"(0.1733, 0.0611, 11)","(0.2462, 0.087, 18)",,,,"(0.5457, 0.2078, 32)","(-0.2294, 0.0479, 7)","(0.0217, 0.217, 51)","(1.0097, 0.3612, 121)","(0.0804, 0.2549, 170)","(-0.2085, 0.238, 194)","(-0.0936, 0.2114, 171)","(0.0829, 0.281, 254)","(0.0831, 0.2496, 305)","(-0.0551, 0.2516, 307)","(-0.009, 0.2452, 266)","(-0.0356, 0.2344, 442)","(-0.1203, 0.1927, 287)","(-0.201, 0.1568, 433)","(-0.1698, 0.1372, 276)","(-0.0065, 0.1547, 290)","(0.1239, 0.1758, 115)","(-0.0521, 0.1394, 58)","(-0.0386, 0.1628, 77)",,
N_P207-,,,,,,,,,,,,,,,,,,,,,,,,,,,,,,,,,,,,,,,,,,,,,,,,,,,,,,,,,
N_P207L,,,,,,,,,,,,,,,,,,,,,,,,,,,,,,,,,,,,,,,,,,"(0.1048, 0.0515, 42)","(0.1486, 0.0989, 80)","(-0.0286, 0.0487, 44)","(-0.7136, 0.0237, 29)","(-0.7225, 0.0115, 14)","(-0.4252, 0.0101, 11)","(0.0304, 0.0122, 23)","(0.2718, 0.0175, 26)","(-0.213, 0.008, 22)","(-0.5369, 0.006, 12)","(-0.253, 0.0048, 9)",,,,,
N_P207S,,,,,,,,,,,,,,,,,,,,,,,,,,,,,,,,,,,,,,,,,,,,,,,,,"(-0.1583, 0.004, 6)",,,,,,,,
N_P364L,,,,,,,,,,,,,,,,,,,,,,,,,,,,,,,,,,,,,,,,,,,,,,"(-0.0728, 0.0057, 7)",,,,,,,,,,,
N_P364S,,,,,,,,,,,,,,,,,,,,,,,,,,,,,,,,,,,,,,,,,,,,,,,,,,,,,,,,,
N_P368S,,,,,,,,,,,,,,,,,,,,,,,,,,,,,,,,,,,,,,,,,,,,,,,,,,,,,,,,,
N_P383L,,,,,,,,,,,,,,,,,,,,,,,,,,,,,,,,,,,,,,,,,,,,,,"(-0.1022, 0.009, 11)",,,,"(-0.2743, 0.004, 11)","(-0.2941, 0.003, 6)","(0.4672, 0.0101, 19)","(0.9482, 0.0199, 13)",,,,
N_P383S,,,,,,,,,,,,,,,,,,,,,,,,,,,,,,,,,,,,,,,,,,,,,,,,,"(0.2742, 0.0128, 19)","(-0.5373, 0.004, 11)","(-0.5239, 0.0045, 9)","(0.4402, 0.0096, 18)","(0.7055, 0.0183, 12)",,,,
N_P67S,,,,,,,,,,,,,,,,,,,,,,,,,,,,,,,,"(0.1257, 0.0556, 10)","(0.2177, 0.0821, 17)",,,,"(0.4454, 0.2078, 32)","(-0.35, 0.0479, 7)","(0.0118, 0.2128, 50)","(1.0055, 0.3582, 120)","(0.0844, 0.2519, 168)","(-0.2174, 0.2319, 189)","(-0.1025, 0.2052, 166)","(0.092, 0.2788, 252)","(0.0996, 0.2504, 306)","(-0.0577, 0.2484, 303)","(-0.0068, 0.247, 268)","(-0.0324, 0.2328, 439)","(-0.1436, 0.1854, 276)","(-0.1999, 0.156, 431)","(-0.1485, 0.1377, 277)","(-0.0271, 0.1478, 277)","(0.0999, 0.1682, 110)","(-0.1561, 0.1082, 45)","(-0.0859, 0.1416, 67)",,
N_Q229H,,,,,,,,,,,,,,,,,,"(0.3886, 0.0718, 14)",,,,,,,,,,,,,,,,,,,,,,,,,,,,,,,,,,,,,,,
N_Q289H,,,,,,,,,,,,,,,,,,,,,,,,,,,,,,,,,,,,,,,,,,,,,,,,,,,,,,,,,
N_Q389L,,,,,,,,,,,,,,,,,,,,,,,,,,,,,,,,,,,,,,,,,,,,,"(-0.0806, 0.0074, 9)","(-0.3653, 0.0107, 13)","(0.3774, 0.0157, 17)","(0.624, 0.0371, 70)","(0.1421, 0.0208, 31)","(-0.4462, 0.0152, 42)","(-0.119, 0.0164, 33)","(0.2172, 0.0235, 44)","(0.0123, 0.0168, 11)","(-0.0409, 0.0216, 9)",,,
N_Q418H,,,,,,,,,,,,,,,,,,,,,,,,,,,,,,,,,,,,,,,,,,,,,,,,,,,,,,,,,
N_Q9H,,,,,,,,,,,,,,,,,,,,,,,,,,,,,,,,,,,,,,,,,,"(0.1048, 0.0515, 42)","(0.1631, 0.0977, 79)","(-0.0173, 0.0498, 45)","(-0.5465, 0.0327, 40)","(-0.7337, 0.0115, 14)","(-0.5025, 0.012, 13)","(0.0917, 0.0138, 26)","(0.2072, 0.0181, 27)","(-0.0715, 0.0119, 33)","(-0.5157, 0.0065, 13)","(-0.2348, 0.0075, 14)",,,,,
N_R203K,,,,,,,,,,"(-0.0993, 0.069, 28)","(-0.3632, 0.0484, 17)","(0.0699, 0.0793, 23)","(0.6289, 0.1704, 46)","(0.3822, 0.1703, 54)","(-0.2928, 0.0949, 24)","(-0.1801, 0.1188, 36)","(0.2763, 0.1648, 45)","(0.3745, 0.2513, 49)","(-0.1383, 0.125, 25)","(-0.1141, 0.2, 29)","(0.3412, 0.2473, 69)","(0.0723, 0.2311, 55)","(0.1116, 0.3092, 64)","(0.1332, 0.3016, 149)","(0.0718, 0.357, 136)","(0.0463, 0.3309, 90)","(-0.2137, 0.2328, 44)","(-0.1208, 0.2598, 33)","(-0.0327, 0.2181, 41)","(-0.1694, 0.1852, 30)","(-0.0731, 0.1884, 39)","(0.0522, 0.2056, 37)","(0.0933, 0.2271, 47)","(0.0904, 0.2463, 33)","(-0.0225, 0.2171, 28)","(-0.1398, 0.1862, 27)","(-0.1656, 0.1558, 24)","(0.0815, 0.2192, 32)","(0.0918, 0.1872, 44)","(-0.4475, 0.0896, 30)","(-0.1315, 0.1439, 96)","(0.1318, 0.1166, 95)","(-0.0284, 0.136, 110)","(-0.1016, 0.0951, 86)","(-0.0965, 0.1121, 137)","(-0.0314, 0.0893, 109)","(-0.0783, 0.0959, 104)","(0.0547, 0.0997, 188)","(0.0508, 0.1061, 158)","(-0.133, 0.0764, 211)","(-0.0425, 0.0975, 196)","(0.0618, 0.0864, 162)","(0.0396, 0.1055, 69)","(0.239, 0.1394, 58)","(0.1398, 0.1395, 66)",,
N_R209-,,,,,,,,,,,,,,,,,,,,,,,,,,,,,,,,,,,,,,,,,,,,,,,,,,,,,,,,,
N_R209I,,,,,,,,,,,,,,,,,,,,,,,,,,,,,,,,,,,,,,,,,,,,,,,,,,,,,,,,,
N_R32H,,,,,,,,,,,,,,,,,,,,,,,,,,,,,,,,,,,,,,,,,,,,,,,,,,,,,,,,,
N_S183Y,,,,,,,,,,,,,,,,,,,,,,,,,,"(0.0266, 0.0662, 18)","(0.0889, 0.0847, 16)",,,,,,,"(-0.0117, 0.0597, 8)","(-0.019, 0.0465, 6)",,,,,,,,,,,,,,,"(-0.35, 0.0029, 8)",,,,,,,
N_S194A,,,,,,,,,,,,,,,,,,,,,,,,,,,,,,,,,,,,,,,,,,"(-0.8181, 0.011, 9)",,,,,,,,,"(0.0707, 0.007, 14)","(-0.1526, 0.0043, 8)",,,,,
N_S194L,,,,,,,,,,,,,,"(0.4691, 0.2555, 81)","(0.1903, 0.336, 85)","(0.0226, 0.2673, 81)","(-0.2122, 0.2198, 60)","(0.0083, 0.2718, 53)","(0.3297, 0.425, 85)","(0.0773, 0.3172, 46)","(-0.011, 0.4158, 116)","(0.2275, 0.5, 119)","(0.0946, 0.5024, 104)","(-0.0859, 0.4211, 208)","(-0.2012, 0.336, 128)","(-0.034, 0.3934, 107)","(0.1962, 0.4974, 94)","(0.2031, 0.5906, 75)","(0.0767, 0.5798, 109)","(0.0465, 0.6481, 105)","(0.0438, 0.6329, 131)","(-0.0432, 0.5944, 107)","(-0.048, 0.5749, 119)","(-0.0368, 0.5522, 74)","(-0.0218, 0.5504, 71)","(-0.0131, 0.5379, 78)","(-0.0679, 0.4805, 74)","(-0.0034, 0.5342, 78)","(-0.198, 0.3234, 76)","(-0.4766, 0.206, 69)","(0.0492, 0.3568, 238)","(0.2664, 0.3509, 286)","(0.0057, 0.3609, 292)","(-0.1922, 0.2389, 216)","(-0.3148, 0.1923, 235)","(-0.214, 0.1557, 190)","(-0.0187, 0.1853, 201)","(-0.0275, 0.1474, 278)","(-0.1734, 0.131, 195)","(-0.258, 0.088, 243)","(-0.2683, 0.0766, 154)","(-0.0608, 0.0779, 146)","(-0.1792, 0.0535, 35)","(-0.267, 0.0457, 19)","(-0.2961, 0.0296, 14)",,
N_S235F,,,,,,,,,,,,,,,,,,,,,,,,,,,,,,,,,,,,,,,,,,,,,,,"(0.7411, 0.0396, 43)","(-0.2058, 0.0223, 42)","(-0.17, 0.0282, 42)","(-0.5141, 0.008, 22)","(-0.0835, 0.0239, 48)","(0.624, 0.0277, 52)","(0.2551, 0.0398, 26)","(0.0965, 0.0337, 14)","(0.2336, 0.0634, 30)",,
N_S327L,,,,,,,,,,,,,,,,,,,,,,,,,,,,,,,,,,,,,,,,,,,,,,,,,,,,,,,,,
NS3_A103S,,,,,,,,,,,,,,,,,,,,,,,,,,,,,,,,,,,,,,,,,,,,,,,,,,,,,,,,,
NS3_A110S,,,,,,,,,,,,,,,,,,,,,,,,,,,,,,,,,,,,,,,,,,,,,,,"(0.1598, 0.0101, 11)","(-0.0339, 0.0069, 13)","(-0.3175, 0.0054, 8)","(0.0246, 0.0072, 20)","(0.164, 0.0075, 15)","(-0.1526, 0.0053, 10)",,,,,
NS3_A33S,,,,,,,,,,,,,,,,,,,,,,,,,,,,,,,,,,,,,,,,,,,,,,,,,,,"(-0.2273, 0.003, 6)","(0.0824, 0.0043, 8)",,,,,
NS3_A39T,,,,,,,,,,,,,,,,,,,,,,,,,,,,,,,,,,,,,,,,,,,,,,,,,,,,,,,,,
NS3_A99T,,,,,,,,,,,,,,,,,,,,,,,,,,,,,,,,,,,,,,,,,,,,,,,,,,,,,,,,,
NS3_D155Y,,,,,,,,,,,,,,,,,,,,,,,,,,,,,,,,,,,,,,,,,,"(-0.3277, 0.0294, 24)","(-0.3618, 0.0124, 10)","(-0.3584, 0.0144, 13)","(-0.2062, 0.0082, 10)","(-0.2334, 0.009, 11)","(0.0068, 0.0083, 9)","(0.0555, 0.0101, 19)","(0.1883, 0.0121, 18)","(0.6033, 0.0337, 93)","(0.6545, 0.0448, 90)","(-0.0008, 0.0336, 63)",,,,,
NS3_G100C,,,,,,,,,,,,,,,,,,,,,,,,,,,,,,,,,,,,,,,,,,,,,,,,,,,,,,,,,
NS3_G172C,,,,,,,,,,,,,,,,,,,,,,,,,,,,,,,,,,,,,,,,,,,,,,,,,,,,,,,,,
NS3_G172V,,,,,,,,,,,,,,,,,,,,,,,,,,,,,,,,"(0.2504, 0.0611, 11)","(0.2939, 0.087, 18)",,,,"(0.5298, 0.2013, 31)","(-0.2294, 0.0479, 7)","(0.0176, 0.2085, 49)","(1.0055, 0.3582, 120)","(0.0824, 0.2459, 164)","(-0.2733, 0.2074, 169)","(-0.0904, 0.2052, 166)","(0.1499, 0.2799, 253)","(0.088, 0.2447, 299)","(-0.0499, 0.2533, 309)","(-0.0143, 0.2378, 258)","(-0.0537, 0.2275, 429)","(-0.1209, 0.1867, 278)","(-0.1978, 0.1531, 423)","(-0.1667, 0.1338, 269)","(-0.0018, 0.1526, 286)","(0.11, 0.1667, 109)","(-0.1948, 0.1034, 43)","(-0.0888, 0.1395, 66)",,
NS3_G174C,,,,,,,,,,,,,,,,,,,,,,,,,,,,,,,,,,,,,,,,,,,,,,,"(-0.7593, 0.0065, 7)","(-0.2846, 0.0037, 7)",,,,"(0.1594, 0.0075, 14)","(0.2151, 0.0107, 7)",,,,
NS3_G174D,,,,,,,,,,,,,,,,,,,,,,,,,,,,,,,,,,,,,,,,,,,,,,,,,,,,,,,,,
NS3_G174S,,,,,,,,,,,,,,,,,,,,,,,,,,,,,,,,,,,,,,,,,,,,,,,,,,,"(-0.2941, 0.003, 6)","(-0.027, 0.0048, 9)",,,,,
NS3_G224C,,,,,,,,,,,,,,,,,,,,,,,,,,,,,,,,,,,,,,,,,,,,,,,,,,,,,,,,,
NS3_G44R,,,,,,,,,,,,,,,,,,,,,,,,,,,,,,,,,,,,,,,,,,,,,,,,,,,"(0.2308, 0.0075, 15)","(-0.0088, 0.0043, 8)",,,,,
NS3_H78Y,,,,,,,,,,,,,,,,,,,,,,,,,,,,,,,,,,,,,,,,,,,,,,,,,,,,,,,,,
NS3_I62T,,,,,,,,,,,,,,,,,,,,,,,,,,,,,,,,,,,,,,,,,"(-0.3433, 0.015, 10)","(-0.098, 0.0344, 28)","(0.1385, 0.0198, 16)","(0.0303, 0.0365, 33)","(0.0554, 0.0221, 27)","(-0.6557, 0.0098, 12)","(0.0595, 0.0249, 27)","(0.2403, 0.0159, 30)","(-0.1967, 0.0168, 25)","(-0.0726, 0.0138, 38)","(-0.2142, 0.0109, 22)","(-0.0571, 0.0123, 23)","(-0.0109, 0.0107, 7)",,,,
NS3_I63T,,,,,,,,,,,,,,,,,,,,,,,,,,,,,,,,,,,,,,,,,,,,,,,,,,,"(0.009, 0.0055, 11)","(0.1413, 0.0048, 9)",,,,,
NS3_K16N,,,,,,,,,,,,,,,,,,,,,,,,,,,,,,,,,,,,,,,,,,,,,,,,,,,,,,,,,
NS3_K21N,,,,,,,,,,,,,,,,,,,,,,,,,,,,,,,,,,,,,,,,,,,,,,,,,,,,,,,,,
NS3_K75N,,,,,,,,,,,,,,,,,,,,,,,,,,,,,,,,,,,,,,,,,,,,,,,,,,,,,,,,,
NS3_L108F,,,,,,,,,,,,,,,,,,,,,,,,,,,,,,,,,,,,,,,,,,,,,,,,,,,"(0.1963, 0.006, 12)","(0.1939, 0.0032, 6)",,,,,
NS3_L127F,,,,,,,,,,,,,,,,,,,,,,,,,,,,,,,,,,,,,,,,,,,,,,,,,,,,,,,,,
NS3_L129I,,,,,,,,,,,,,,,,,,,,,,,,,,,,,,,,,,,,,,,,,,,,,,,,,,,,,,,,,
NS3_L140F,,,,,,,,,,,,,,,,,,,,,,,,,,,,,,,,,,,,,,,,,,,,,,,,,,,,,,,,,
NS3_L46F,,,,,,,,,,,,,,,,,,,,,,,"(0.352, 0.0435, 9)","(-0.4908, 0.0142, 7)",,,,,,,,,,,,,,,,,,,,,,,,,,,,,,,,,
NS3_L85F,,,,,,,,,,,,,,,,,,,,,,,,,,,,,,,,,,,,,,,,,,,,,,,,,,,,,,,,,
NS3_P104L,,,,,,,,,,,,,,,,,,,,,,,,,,,,,,,,,,,,,,,,,,,,,,,,,,,,,,"(1.0221, 0.0288, 12)","(0.4174, 0.0211, 10)",,
NS3_P240L,,,,,,,,,,,,,,,,,,,,,,,,,,,,,,,,,,,,,,,,,,,,,,,,,,"(-0.1563, 0.0054, 15)","(-0.1068, 0.006, 12)","(-0.1204, 0.0043, 8)",,,,,
NS3_P42L,,,,,,,,,,,,,,,,,,,,,,,,,,,,,,,,,,,,,,,,,,,,,,,,,,,,,,,,,
NS3_Q185H,,,,,,,,,,,,,,,,,,"(-0.1607, 0.0359, 7)","(-0.2154, 0.05, 10)","(0.2149, 0.0552, 8)","(0.0989, 0.0609, 17)",,,,,,,,,,,,,,,,,,,,,,,,,,,,,,,,,,,,
NS3_Q57H,,,,,,,,,,"(0.4971, 0.5936, 241)","(0.0785, 0.5726, 201)","(-0.2377, 0.369, 107)","(-0.208, 0.3778, 102)","(0.0412, 0.4006, 127)","(0.0517, 0.419, 106)","(0.1025, 0.4917, 149)","(0.1151, 0.5275, 144)","(-0.0544, 0.441, 86)","(-0.1321, 0.405, 81)","(0.0307, 0.469, 68)","(-0.1365, 0.3082, 86)","(-0.3188, 0.2479, 59)","(-0.2862, 0.1739, 36)","(0.0221, 0.2591, 128)","(0.1957, 0.2572, 98)","(-0.0889, 0.2169, 59)","(-0.0386, 0.2381, 45)","(-0.2414, 0.1339, 17)","(-0.1089, 0.1915, 36)","(0.0711, 0.1543, 25)","(-0.0344, 0.1787, 37)","(0.0707, 0.1778, 32)","(0.0263, 0.1884, 39)","(-0.0176, 0.1716, 23)","(0.0883, 0.2248, 29)","(0.1705, 0.2414, 35)","(0.2034, 0.3377, 52)","(0.0106, 0.2466, 36)","(0.1004, 0.4128, 97)","(0.452, 0.609, 204)","(0.0379, 0.4453, 297)","(-0.1104, 0.4883, 398)","(0.0384, 0.4808, 389)","(0.1492, 0.6582, 595)","(0.0789, 0.563, 688)","(0.0189, 0.6836, 834)","(0.1066, 0.6968, 756)","(0.0423, 0.7439, 1403)","(0.0215, 0.7273, 1083)","(0.0421, 0.8092, 2235)","(0.0511, 0.8056, 1620)","(0.0018, 0.8122, 1522)","(0.003, 0.8104, 530)","(-0.0043, 0.8053, 335)","(0.0061, 0.8203, 388)",,
NS3_S171L,,,,,,,,,,,,,,,,,,,,,,,,,,,,,,,,,,,,,,,,,,,,,,,,,,,,"(0.1939, 0.0048, 9)",,,,,
NS3_S180P,,,,,,,,,,,,,,,,,,,,,,,,,,,,,,,,,,,,,,,,,,,,,"(-0.0806, 0.0074, 9)","(-0.3653, 0.0107, 13)","(0.3774, 0.0157, 17)","(0.624, 0.0371, 70)","(0.1734, 0.0222, 33)","(-0.2514, 0.0224, 62)","(-0.1656, 0.0159, 32)","(0.0554, 0.0251, 47)","(0.0277, 0.0168, 11)","(-0.1328, 0.0192, 8)",,,
NS3_S253P,,,,,,,,,,,,,,,,,,,,,,,,,,,,,,,,,,,,,,,,,,,,,,,,,,,,,,,,,
NS3_S74F,,,,,,,,,,,,,,,,,,,,,,,,,,,,,,,,,,,,,,,,,,,,,,,,,,"(0.1236, 0.0054, 15)","(0.1963, 0.006, 12)","(-0.2642, 0.0032, 6)",,,,,
NS3_S92L,,,,,,,,,,,,,,,,,,,,,,,,,,,,,,,,,,,,,,,,,,,,,,,,,,,,,,,,,
NS3_T151I,,,,,,,,,,,,,,,,,,,,,,,,,,,,,,,,,,,,,,,,,,,"(0.3271, 0.0173, 14)",,,,"(0.1121, 0.0092, 10)","(-0.5644, 0.008, 15)","(0.1627, 0.0128, 19)","(0.3473, 0.0159, 44)","(-0.4235, 0.0055, 11)","(-0.2815, 0.0091, 17)",,,,,
NS3_T175I,,,,,,,,,,,,,,,,,,,,,,,,,,,,,,,,,,,,,,,,,,,,,,,,"(-0.3705, 0.0074, 14)","(-0.3021, 0.004, 6)","(-0.359, 0.0036, 10)","(0.2363, 0.0065, 13)","(0.4289, 0.0085, 16)",,,,,
NS3_T176I,,,,,,,,,,,,,,,,,,,,,,,,,,,,,,,,,,,,,,,,,,,,,,,,,,,,,,,,,
NS3_T223I,,,,,,,,,,,,,,,,,,,,,,,,,,,,,,,,,,,,,,,,,,,"(0.1244, 0.0519, 42)","(-0.1604, 0.0365, 33)","(-0.3422, 0.0262, 32)","(-0.1205, 0.0287, 35)","(0.0436, 0.0286, 31)","(0.0433, 0.0313, 59)","(0.1284, 0.0369, 55)","(-0.0023, 0.0311, 86)","(-0.2618, 0.0219, 44)","(-0.0976, 0.0256, 48)","(0.0862, 0.026, 17)",,,,
NS3_V112F,,,,,,,,,,,,,,,,,,,,,,,,,,,,,,,,,,,,,,,,,,,,,,,,,,,"(0.1051, 0.005, 10)","(-0.0088, 0.0032, 6)",,,,,
NS3_V112I,,,,,,,,,,,,,,,,,,,,,,,,,,,,,,,,,,,,,,,,,,,,,,,,,,,,,,,,,
NS3_V225A,,,,,,,,,,,,,,,,,,,,,,,,,,,,,,,,,,,,,,,,,,,,,,,"(0.2945, 0.0147, 16)","(-0.2705, 0.0048, 9)","(-0.225, 0.0094, 14)","(-0.2496, 0.0029, 8)","(-0.2273, 0.006, 12)","(0.3967, 0.0064, 12)",,,,,
NS3_V90F,,,,,,,,,,,,,,,,,,,,,,,,,,,,,,,,,,,,,,,,,,,,,,,,,,"(0.3818, 0.008, 22)","(-0.2685, 0.0075, 15)","(-0.0321, 0.0075, 14)",,,,,
NS3_W131C,,,,,,,,,,,,,,,,,,,,,,,,,,,,,,,,,,,,,,,,,,,,,,,,,,,,,,,,,
NS3_W193C,,,,,,,,,,,,,,,,,,,,,,,,,,,,,,,,,,,,,,,,,,"(-0.7384, 0.0123, 10)","(-0.0965, 0.0074, 6)",,,,,,,,"(-0.0064, 0.006, 12)","(-0.0088, 0.0043, 8)",,,,,
NS3_W69L,,,,,,,,,,,,,,,,,,,,,,,,,,,,,,,,,,,,,,,,,,,,,,,,,,,"(-0.0499, 0.0055, 11)","(-0.0756, 0.0037, 7)",,,,,
N_S413I,,,,,,,,,,,,,,,,,,,,,,,,,,,,,,,,,,,,,,,,,"(-0.175, 0.018, 12)","(-0.6999, 0.0074, 6)",,,,"(0.6712, 0.0254, 31)","(-0.1615, 0.0083, 9)","(-0.4896, 0.0095, 18)","(-0.0579, 0.0074, 11)","(-0.5373, 0.0033, 9)","(-0.3095, 0.004, 8)","(0.2943, 0.0059, 11)",,,,,
NS6_K42N,,,,,,,,,,,,,,,,,,,,,,,,,,,,,,,,,,,,,,,,,,,,,,,,,,"(-0.35, 0.0029, 8)",,,,,,,
NS7a_T115I,,,,,,,,,,,,,,,,,,,,,,,,,,,,,,,,,,,,,,,,,,,,,,,,,,,,,,,,,
NS7a_T28I,,,,,,,,,,,,,,,,,,,,,,,,,,,,,,,,,,,,,,,,,,,,,,,,,,,,,,,,,
NS7a_T39I,,,,,,,,,,,,,,,,,,,,,,,,,,,,,,,,,,,,,,,,,,,,,,,,,,,,,,,,,
NS7a_V104F,,,,,,,,,,,,,,,,,,"(-0.2378, 0.0308, 6)","(-0.2437, 0.045, 9)","(0.1481, 0.0414, 6)","(0.089, 0.0538, 15)",,,,,,,,,,,,,,,,,,,,,,,,,,,,,,,,,,,,
NS7a_V93F,,,,,,,,,,,,,,,,,,,,,,,,,,,,,,,,,,,,,,,,,,,,,,,,,,,,,,,,,
NS7b_A15S,,,,,,,,,,,,,,,,,,,,,,,,,,,,,,,,,,,,,,,,,,,,,,,,,"(0.3322, 0.0107, 16)","(0.0969, 0.0058, 16)","(-0.6407, 0.003, 6)",,,,,,
NS7b_H42Y,,,,,,,,,,,,,,,,,,,,,,,,,,,,,,,,,,,,,,,,,,,,,,,,,,,,"(0.2076, 0.0197, 37)",,,,,
NS7b_S31L,,,,,,,,,,,,,,,,,,,,,,,"(0.0054, 0.0435, 9)","(-0.8644, 0.0142, 7)",,,,,,,,,,,,,,,,,,,,,,,,,,,,,,,,,
NS8_A65S,,,,,,,,,,,,,,,,,,,,,,,,,,,,,,,,,,,,,,,,,,,,,,,,,,,,,,,,,
NS8_A65T,,,,,,,,,,,,,,,,,,,,,,,,,,,,,,,,,,,,,,,,,,,,,,,"(0.2033, 0.0074, 8)","(-0.2178, 0.0032, 6)",,,,,,,,,
NS8_A65V,,,,,,,,,,,,,,,,,,,,,,,,,,,,,,,,,,,,,,,,,,,"(0.1062, 0.0111, 9)","(-0.4254, 0.01, 9)","(0.4434, 0.027, 33)","(0.4685, 0.0254, 31)","(0.1167, 0.0341, 37)","(0.2436, 0.0414, 78)","(0.1386, 0.045, 67)","(0.1526, 0.0561, 155)","(0.2392, 0.0726, 146)","(0.0359, 0.0603, 113)","(-0.0613, 0.0642, 42)","(0.2333, 0.0962, 40)","(-0.0062, 0.0634, 30)",,
NS8_C102F,,,,,,,,,,,,,,,,,,,,,,,,,,,,,,,,,,,,,,,,,,,,,,,,,,,"(0.0525, 0.0045, 9)",,,,,,
NS8_D34G,,,,,,,,,,,,,,,,,,,,,,,,,,,,,,,,,,,,,,,,,,,,,,,,,,"(-0.5003, 0.0025, 7)",,,,,,,
NS8_E64*,,,,,,,,,,,,,,,,,,,,,,,,,,,,,,,,,,,,,,,,,,,,,,,,,,"(-0.5003, 0.0025, 7)",,,,,,,
NS8_G66-,,,,,,,,,,,,,,,,,,,,,,,,,,,,,,,,,,,,,,,,,,,,,,,,,,,,"(0.0347, 0.0043, 8)",,,,,
NS8_I10V,,,,,,,,,,,,,,,,,,,,,,,,,,,,,,,,,,,,,,,,,,,,,,,,,,,,"(0.0683, 0.0037, 7)",,,,,
NS8_I121L,,,,,,,,,,,,,,,,,,,,,,,,,,,,,,,,,,,,,,,,,,,,,,,,,,,,,,,,,
NS8_I58-,,,,,,,,,,,,,,,,,,,,,,,,,,,,,,,,,,,,,,,,,,,"(-0.0297, 0.0099, 8)",,,,,,,,,,,,,,
NS8_K44N,,,,,,,,,,,,,,,,,,,,,,,,,,,,,,,,,,,,,,,,,,,,,,,,,,,"(-0.1068, 0.006, 12)",,,,,,
NS8_K68*,,,,,,,,,,,,,,,,,,,,,,,,,,,,,,,,,,,,,,,,,,,,,,,,,,,,"(0.1272, 0.0037, 7)",,,,,
NS8_K68E,,,,,,,,,,,,,,,,,,,,,,,,,,,,,,,,,,,,,,,,,,,,,,,,,,,,"(0.0156, 0.0037, 7)",,,,,
NS8_L4P,,,,,,,,,,,,,,,,,,,,,,,,,,,,,,,,,,,,,,,,,,,,,,,,,,,,"(0.3967, 0.0064, 12)","(0.1806, 0.0107, 7)","(0.406, 0.0144, 6)",,,
NS8_L84S,,,,,,,,,"(-0.2295, 0.1876, 133)","(-0.265, 0.165, 67)","(-0.4646, 0.0741, 26)","(-0.268, 0.0966, 28)","(-0.3993, 0.0333, 9)","(-0.3243, 0.0505, 16)",,,,,,,,,,,,,,,,,,,,,,,,,,,,,,,,,,,,,,,,,,,
NS8_P38L,,,,,,,,,,,,,,,,,,,,,,,,,,,,,,,,,,,,,,,,,,,,,,,,,,,,"(0.1939, 0.0032, 6)",,,,,
NS8_Q27*,,,,,,,,,,,,,,,,,,,,,,,,,,,,,,,,,,,,,,,,,,,,,,,"(1.0669, 0.0415, 45)","(-0.1778, 0.0207, 39)","(-0.181, 0.0289, 43)","(-0.5503, 0.0069, 19)","(-0.2391, 0.0179, 36)","(0.6973, 0.0277, 52)","(0.3793, 0.0382, 25)","(0.0965, 0.0337, 14)","(0.2696, 0.0655, 31)",,
NS8_Q29L,,,,,,,,,,,,,,,,,,,,,,,,,,,,,,,,,,,,,,,,,,,"(0.2572, 0.0878, 71)","(0.0968, 0.0387, 35)","(-1.4417, 0.0049, 6)",,,,,,,,,,,,
NS8_R52I,,,,,,,,,,,,,,,,,,,,,,,,,,,,,,,,,,,,,,,,,,,,,,,"(1.0557, 0.0406, 44)","(-0.2178, 0.0196, 37)","(-0.1936, 0.0275, 41)","(-0.4983, 0.0072, 20)","(-0.2294, 0.0174, 35)","(0.6717, 0.0277, 52)","(0.3934, 0.0382, 25)","(0.0965, 0.0337, 14)","(0.2854, 0.0677, 32)",,
NS8_S24L,,,,,,,,,,"(0.138, 0.0369, 15)","(0.3818, 0.0969, 34)","(-0.0872, 0.031, 9)",,,,,,,,,,,"(0.4588, 0.0628, 13)","(0.2612, 0.0567, 28)","(-0.1153, 0.0499, 19)","(-0.2164, 0.0368, 10)",,,,,"(0.41, 0.0725, 15)","(0.0385, 0.0667, 12)","(0.1682, 0.1014, 21)","(-0.1219, 0.0522, 7)","(-0.1345, 0.0775, 10)","(0.2701, 0.0897, 13)","(0.4262, 0.1818, 28)","(-0.1873, 0.0616, 9)","(0.1077, 0.2255, 53)","(0.8963, 0.3701, 124)","(0.0897, 0.2699, 180)","(-0.2105, 0.2429, 198)","(-0.1021, 0.22, 178)","(0.2373, 0.3905, 353)","(0.0808, 0.2586, 316)","(-0.2213, 0.2508, 306)","(-0.01, 0.2535, 275)","(-0.025, 0.2386, 450)","(-0.1334, 0.1941, 289)","(-0.1311, 0.1836, 507)","(-0.0824, 0.1646, 331)","(-0.0472, 0.167, 313)","(0.0063, 0.1667, 109)","(-0.2062, 0.1106, 46)","(-0.0888, 0.1395, 66)",,
NS8_S67-,,,,,,,,,,,,,,,,,,,,,,,,,,,,,,,,,,,,,,,,,,,,,,,,,,,,"(-0.0088, 0.0043, 8)",,,,,
NS8_S67F,,,,,,,,,,,,,,,,,,,,,,,,,,,,,,,,,,,,,,,,,,,,,,,,,,"(0.039, 0.0069, 19)","(-0.2273, 0.003, 6)","(-0.2386, 0.0043, 8)",,,,,
NS8_T11I,,,,,,,,,,,,,,,,,,,,,,,,,,,,,,,,,,,,,,,,,,,,,,,,,,,,,,,,,
NS8_V100L,,,,,,,,,,,,,,,,,,,,,,,,,,,,,,,,,,,,,,,,,,"(-0.1891, 0.0123, 10)",,,,"(0.4238, 0.0516, 63)","(0.2424, 0.0571, 62)","(0.0699, 0.0594, 112)","(0.0907, 0.0685, 102)","(0.4054, 0.1336, 369)","(0.3059, 0.1263, 254)","(0.1052, 0.1649, 309)","(0.1152, 0.159, 104)","(0.0311, 0.1755, 73)","(0.0308, 0.1691, 80)",,
NS8_V32A,,,,,,,,,,,,,,,,,,,,,,,,,,,,,,,,,,,,,,,,,,,,,,,,,,,,,,,,,
NS8_V32L,,,,,,,,,,,,,,,,,,,,,,,,,,,,,,,,,,,"(0.4919, 0.0775, 10)",,,,"(-0.7606, 0.0255, 6)","(-0.3149, 0.0328, 11)","(0.5284, 0.0735, 49)","(0.412, 0.0748, 61)","(0.1096, 0.0915, 74)","(-0.3441, 0.0376, 34)","(-0.7292, 0.0213, 26)","(-0.559, 0.0123, 15)","(-0.153, 0.0157, 17)","(-0.0263, 0.0117, 22)","(-0.1297, 0.0121, 18)","(-0.0357, 0.0109, 30)","(0.1215, 0.0154, 31)","(-0.1526, 0.008, 15)",,,,,
NS8_V62L,,,,,,,,,,,,,,,,,,,,,,,,,,,,,,,,,,,,,,,,,,,,,,,,,,,,,,,,,
NS8_W45C,,,,,,,,,,,,,,,,,,,,,,,,,,,,,,,,,,,,,,,,,,,,,,,,,,,,,,,,,
NS8_W45S,,,,,,,,,,,,,,,,,,,,,,,,,,,,,,,,,,,,,,,,,,,,,,,,,,"(0.3767, 0.0101, 28)","(0.164, 0.0075, 15)","(0.0734, 0.0117, 22)",,,,,
NS8_Y73C,,,,,,,,,,,,,,,,,,,,,,,,,,,,,,,,,,,,,,,,,,,,,,,"(1.0442, 0.0396, 43)","(-0.2464, 0.018, 34)","(-0.1821, 0.0275, 41)","(-0.5087, 0.0065, 18)","(-0.2016, 0.0184, 37)","(0.7147, 0.0272, 51)","(0.3656, 0.0382, 25)","(0.1062, 0.0337, 14)","(0.2696, 0.0655, 31)",,
NSP10_A24S,,,,,,,,,,,,,,,,,,,,,,,,,,,,,,,,,,,,,,,,,,,,,,,,,,,,,,,,,
NSP10_A32V,,,,,,,,,,,,,,,,,,,,,,,,,,,,,,,,,,,,,,,,,,,,,,,"(0.18, 0.0129, 14)","(0.0492, 0.0154, 29)","(-0.1238, 0.0101, 15)","(-0.5919, 0.0047, 13)","(-0.0877, 0.0085, 17)","(0.1539, 0.0064, 12)","(0.2963, 0.0153, 10)",,,,
NSP10_T58I,,,,,,,,,,,,,,,,,,,,,,,,,,,,,,,,,,,,,,,,,,,,,,,,,,,,,,,,,
NSP12_A185V,,,,,,,,,,,,,,,,,,,,,,,,,,,,,,,,,,,,,,,,,,,,,,,,,,,,,,,,,
NSP12_A449V,,,,,,,,,,,,,,,,,,,,,,,,,,,,,,,,,,,,,,,,,,,,,,,,,,,,,,,,,
NSP12_A97V,,,,,,,,,,,,,,,,,,,,,,,,,,,,,,,,,,,,,,,,,,,,,,,,,,,,,,,,,
NSP12_G671V,,,,,,,,,,,,,,,,,,,,,,,,,,,,,,,,,,,,,,,,,,,,,,,"(0.1071, 0.0101, 11)","(-0.1892, 0.0095, 18)","(-0.2059, 0.0067, 10)","(0.1558, 0.013, 36)","(0.3464, 0.0134, 27)","(-0.1526, 0.0096, 18)","(-0.0466, 0.0122, 8)",,,,
NSP12_I201V,,,,,,,,,,,,,,,,,,,,,,,,,,,,,,,,,,,,,,,,,,,,,,,,,,,,,,,,,
NSP12_K718N,,,,,,,,,,,,,,,,,,,,,,,,,,,,,,,,,,,,,,,,,,,,,,,,,,,,"(0.1939, 0.0037, 7)",,,,,
NSP12_L638F,,,,,,,,,,,,,,,,,,,,,,,,,,,,,,,,,,,,,,,,,,,,,,,,,,,,,,,,,
NSP12_M463V,,,,,,,,,,,,,,,,,,,,,,,,"(-0.7976, 0.0162, 8)",,,,,,,,,,,,,,,,,,,,,,,,,,,,,,,,,
NSP12_P169S,,,,,,,,,,,,,,,,,,,,,,,,,,,,,,,,,,,,,,,,,,,,,,,,,,,,,,,,,
NSP12_P227L,,,,,,,,,,,,,,,,,,,,,,,,,,,,,,,,,,,,,,,,,,,,,,,,,,,,,,,,,
NSP12_P323F,,,,,,,,,,,,,,,,,,,,,,,,,,,,,,,,,,,,,,,,,,,,,,,,,,,,,,,,,
NSP12_P323L,,,,,,,,,,"(0.3697, 0.7438, 302)","(0.0758, 0.755, 265)","(-0.1046, 0.6034, 175)","(0.0753, 0.8778, 237)","(0.2011, 0.9022, 286)","(0.0491, 0.9684, 245)","(0.0084, 0.9175, 278)","(0.0068, 0.9817, 268)","(0.0327, 0.9795, 191)","(0.0092, 1.0, 200)","(-0.0001, 0.9793, 142)","(-0.0036, 0.9928, 277)","(0.0083, 0.9958, 237)","(0.0036, 1.0, 207)","(-0.002, 0.9919, 490)","(-0.0106, 0.979, 373)","(-0.0015, 0.989, 269)","(0.008, 0.9947, 188)","(0.0016, 0.9921, 126)","(-0.0, 0.9947, 187)","(-0.0117, 0.9691, 157)","(-0.0071, 0.9807, 203)","(0.0129, 0.9944, 179)","(0.0049, 0.9903, 205)","(0.0028, 1.0, 134)","(0.001, 0.9922, 128)","(-0.0069, 0.9862, 143)","(0.0006, 0.9935, 153)","(-0.0034, 0.9795, 143)","(-0.0207, 0.9532, 224)","(-0.0079, 0.9642, 323)","(0.0157, 0.9835, 656)","(0.0001, 0.9644, 786)","(0.0008, 0.9852, 797)","(0.0126, 0.9889, 894)","(-0.0651, 0.865, 1057)","(-0.0949, 0.818, 998)","(0.0632, 0.9816, 1065)","(0.0867, 0.973, 1835)","(-0.019, 0.9449, 1407)","(-0.4044, 0.4334, 1197)","(-0.3765, 0.4451, 895)","(0.2275, 0.683, 1280)","(0.4033, 0.9969, 652)","(0.1894, 0.9976, 415)","(-0.0016, 0.9937, 470)",,
NSP12_P918S,,,,,,,,,,,,,,,,,,,,,,,,,,,,,,,,,,,,,,,,,,,,,,,,,,"(-0.2434, 0.0033, 9)",,,,,,,
NSP12_Q822H,,,,,,,,,,,,,,,,,,,,,,,,,,,,,,,,,,,,,,,,,,,,,,,,,,,,,,,,,
NSP12_R118C,,,,,,,,,,,,,,,,,,,,,,,,,,,,,,,,,,,,,,,,,,,,,,,,,,,,,,,,,
NSP12_R750S,,,,,,,,,,,,,,,,,,,,,,,,,,,,,,,,,,,,,,,,,,,,,,,,,,,,,,,,,
NSP12_S325I,,,,,,,,,,,,,,,,,,,,,,,,,,,,,,,,,,,,,,,,,,,,,,,,,,,,,,,,,
NSP12_T141I,,,,,,,,,,,,,,,,,,,,,,,,,,,,,,,,,,,,,,,,,,,,,,,,,,,,,,,,,
NSP12_T644M,,,,,,,,,,,,,,,,,,,,,,,,,,,,,,,,,,,,,,,,,,,,,,,,,,,,,,,,,
NSP12_T739I,,,,,,,,,,,,,,,,,,,,,,,,,,,,,,,,,,,,,,,,,,,,,,,,,,,,,,,,,
NSP12_T806I,,,,,,,,,,,,,,,,,,,,,,,,,,,,,,,,,,,,,,,,,,,,,,,,,,,,,,,,,
NSP12_V354L,,,,,,,,,,,,,,,,,,,,,,,,,,,,,,,,,,,,,,,,,,,,,,,,,,,,,,,,,
NSP12_V776L,,,,,,,,,,,,,,,,,,,,,,,,,,,,,,,,,,,,,,,,,,,,,"(-0.0806, 0.0074, 9)","(-0.3897, 0.0107, 13)","(0.3471, 0.0147, 16)","(0.624, 0.0371, 70)","(0.2186, 0.0228, 34)","(-0.2514, 0.0224, 62)","(-0.1806, 0.0159, 32)","(0.0225, 0.0235, 44)","(-0.0199, 0.0153, 10)","(-0.0409, 0.0216, 9)",,,
NSP13_D260Y,,,,,,,,,,,,,,,"(-0.4579, 0.0237, 6)",,,,,,,,,,,,,,,,,,,,,,,,,,"(-0.1012, 0.0765, 51)","(0.1048, 0.1472, 120)","(0.2598, 0.1286, 104)","(0.0889, 0.1759, 159)","(0.3151, 0.2414, 295)","(0.3736, 0.3713, 453)","(0.249, 0.3972, 431)","(0.1125, 0.465, 877)","(0.1079, 0.4929, 734)","(0.1313, 0.6046, 1670)","(0.1083, 0.6121, 1231)","(0.0177, 0.6265, 1174)","(0.0144, 0.63, 412)","(-0.0268, 0.5938, 247)","(-0.0293, 0.5941, 281)",,
NSP13_D542G,,,,,,,,,,,,,,,,,,,,,,,,,,,,,,,,,,,,,,,,,,,,,,,,,"(-0.7076, 0.004, 6)",,,,,,,,
NSP13_E261D,,,,,,,,,,,,,,,,,,,,,,,,,,,,,,,,,,,,,,,,,,,,,,,,,,,,,,,,,
NSP13_E341D,,,,,,,,,,,,,,,,,,,,,,,,,,,,,,,,,,,,,,,,,,,,,,,,"(-0.7941, 0.0032, 6)",,,,,,,,,
NSP13_G54S,,,,,,,,,,,,,,,,,,,,,,,,,,,,,,,,,,,,,,,,,,,,,,,,,,,,,,,,,
NSP13_H290Y,,,,,,,,,,,,,,,,,,,,,,,,,,,,,,,,,,,,,,,,,,,,,,,,,,,,,,,,,
NSP13_K202Q,,,,,,,,,,,,,,,,,,,,,,,,,,,,,,,,,,,,,,,,,,,,,,,,,,,,,,,,,
NSP13_K460R,,,,,,,,,,,,,,,,,,,,,,,,,,,,,,,,,,,,,,,,,,,,,,,,"(-0.2178, 0.0186, 35)","(-0.3219, 0.0208, 31)","(-0.6859, 0.0047, 13)","(-0.1836, 0.0144, 29)","(0.6597, 0.0176, 33)","(0.2946, 0.026, 17)","(0.1029, 0.0216, 9)","(0.0994, 0.0317, 15)",,
NSP13_L176F,,,,,,,,,,,"(0.3515, 0.0199, 7)","(-0.5453, 0.0207, 6)",,,,,,"(0.7697, 0.1231, 24)",,,,,,,,,,,,,,,,,,,,,,,,,,,,,,,,,,,,,,,
NSP13_L428F,,,,,,,,,,,,,,,,,,,,,,,,,,,,,,,,,,,,,,,,,,,,,,,,,,,,,,,,,
NSP13_L581F,,,,,,,,,,,,,,,,,,,,,,,,,,,,,,,,,,,,,,,,,,,,,,,,,,,,"(0.1636, 0.0085, 16)",,,,,
NSP13_M274I,,,,,,,,,,,,,,,,,,,,,,,,,,,,,,,,,,,,,,,,,,,,,,,,,,"(-0.1907, 0.0025, 7)",,,,,,,
NSP13_M576I,,,,,,,,,,,,,,,,,,,,,,,,,,,,,,,,,,,,,,,,,,,,,,,,,,,,,,,,,
NSP13_P504L,,,,,,,,,"(-0.3066, 0.1439, 102)","(-0.3697, 0.1182, 48)","(-0.4631, 0.057, 20)","(-0.1579, 0.0862, 25)","(-0.4708, 0.0222, 6)","(-0.2677, 0.0505, 16)",,,,,,,,,,,,,,,,,,,,,,,,,,,,,,,,,,,,,,,,,,,
NSP13_P53L,,,,,,,,,,,,,,,,,,,,,,,,,,,,,,,,,,,,,,,,,,,"(0.3471, 0.042, 34)","(0.1311, 0.0686, 62)","(0.3808, 0.09, 110)","(0.1967, 0.1016, 124)","(0.1871, 0.1309, 142)","(0.3513, 0.2052, 387)","(0.2124, 0.2001, 298)","(-0.1054, 0.1662, 459)","(-0.0106, 0.1959, 394)","(-0.0055, 0.1644, 308)","(0.0407, 0.2125, 139)","(-0.0489, 0.149, 62)","(-0.1739, 0.1501, 71)",,
NSP13_P78S,,,,,,,,,,,,,,,,,,,,,,,,,,,,,,,,,,,,,,,,,,,,,,,,,,,,,,,,,
NSP13_R392C,,,,,,,,,,,,,,,,,,,,,,,,,,,,,,,,,,,,,,,,,,,,,,,,,,,,"(0.0389, 0.0059, 11)","(0.138, 0.0092, 6)",,,,
NSP13_S259L,,,,,,,,,,,,,,,,,,,,,,,,,,,,,,,,,,,,,,,,,,,,,,,,,,,,"(0.5149, 0.0101, 19)","(0.5616, 0.0138, 9)",,,,
NSP13_S278F,,,,,,,,,,,,,,,,,,,,,,,,,,,,,,,,,,,,,,,,,,,"(-0.0297, 0.0099, 8)",,,,,,,,,,,,,,
NSP13_S468L,,,,,,,,,,,,,,,,,,,,,,,,,,,,,,,,,,,,,,,,,,,,"(-0.1209, 0.0299, 27)","(0.2996, 0.018, 22)","(-0.0649, 0.0262, 32)",,,,,,"(0.1939, 0.0037, 7)",,,,,
NSP13_T153I,,,,,,,,,,,,,,,,,,,,,,,,,,,,,,,,,,,,,,,,,,,,,,,,,"(-0.1583, 0.004, 6)",,,,,,,,
NSP13_T481M,,,,,,,,,,,,,,,,,,,,,,,,,,,,,,,,,,,,,,,,,,,,,,"(0.1532, 0.009, 11)",,,,,,"(0.1104, 0.0059, 11)","(0.4846, 0.0092, 6)",,,,
NSP13_T588I,,,,,,,,,,,,,,,,,,,,,,,,,,,,,,,,,,,,,,,,,,,,,,,,,,,,,,,,,
NSP13_T599I,,,,,,,,,,,,,,,,,,,,,,,,,,,,,,,,,,,,,,,,,,,,,,,,,,,,,,,,,
NSP13_V169F,,,,,,,,,,,,,,,,,,,,,,,,,,,,,,,,,,,,,,,,,,,,,,,,,,,,,,,,,
NSP13_V169I,,,,,,,,,,,,,,,,,,,,,,,,"(-0.3651, 0.0142, 7)",,,,,,,,,,,,,,,,,,,,,,,,,,,,,,,,,
NSP13_Y541C,,,,,,,,,"(-0.2047, 0.1453, 103)","(-0.367, 0.1256, 51)","(-0.468, 0.057, 20)","(-0.1498, 0.0931, 27)","(-0.327, 0.0296, 8)","(-0.3061, 0.0505, 16)",,,,,,,,,,,,,,,,,,,,,,,,,,,,,,,,,,,,,,,,,,,
NSP14_A119V,,,,,,,,,,,,,,,,,,,,,,,,,,,,,,,,,,,,,,,,,,,,,,,,,,,,,,,,,
NSP14_A274S,,,,,,,,,,,,,,,,,,,,,,,,,,,,,,,,,,,,,,,,,,,,,,,,,,"(0.1861, 0.0062, 17)","(-0.1503, 0.004, 8)",,,,,,
NSP14_A320V,,,,,,,,,,,,,,,"(0.0993, 0.0316, 8)","(0.4527, 0.0858, 26)","(0.6999, 0.1282, 35)","(-0.3101, 0.0462, 9)","(-0.4708, 0.05, 10)","(0.292, 0.0828, 12)","(0.1274, 0.0645, 18)",,,,,,,,,,,,,,,,,,,,,,,,,,,,,,,,,,,,
NSP14_E347G,,,,,,,,,,,,,,,,,,,,,,,,,,,,,,,,,,,,,,,,,,,,,,,,,,,,"(0.4737, 0.0075, 14)",,,,,
NSP14_F326L,,,,,,,,,,,,,,,,,,,,,,,,,,,,,,,,,,,,,,,,,,,,,,,,,,"(-0.5003, 0.0025, 7)",,,,,,,
NSP14_H26Y,,,,,,,,,,,,,,,,,,,,,,,,,,,,,,,,,,,,,,,,,,,,,,,"(0.0595, 0.0065, 7)","(0.0284, 0.0095, 18)","(0.0677, 0.0074, 11)","(-0.4846, 0.0036, 10)","(0.0371, 0.008, 16)",,,,,,
NSP14_K349N,,,,,,,,,,,,,,,,,,,,,,,,,,,,,,,,,,,,,,,,,,,,,,,,"(-0.114, 0.0085, 16)","(0.0445, 0.0101, 15)","(0.1236, 0.0109, 30)","(-0.0877, 0.0085, 17)","(-0.1204, 0.0085, 16)",,,,,
NSP14_L157F,,,,,,,,,,,,,,,,,,,,,,,,,,,,,,,,,,,,,,,,,,,,,,,,,,,,"(0.1169, 0.0032, 6)",,,,,
NSP14_L177F,,,,,,,,,,,,,,,,,,,,,,,,,,,,,,,,,,,,,,,,,,,,,,,,,,,,,,,,,
NSP14_M501I,,,,,,,,,,,,,,,,,,,,,,,,,,,,,,,,,,,,,,,,,,,,,,,,,,,,,,,,,
NSP14_M72I,,,,,,,,,,,,,,,,,,,,,,,,,,,,,,,,,,,,,,,,,,,,,,,,,,,,,,,,,
NSP14_N129D,,,,,,,,,,,,,,,,,,,,,,,,,,,,,,,,"(0.1257, 0.0556, 10)","(0.2462, 0.087, 18)",,,,"(0.5298, 0.2013, 31)","(-0.2294, 0.0479, 7)","(0.0277, 0.2128, 50)","(1.0055, 0.3582, 120)","(0.0844, 0.2519, 168)","(-0.2254, 0.2282, 186)","(-0.0995, 0.2064, 167)","(0.104, 0.281, 254)","(0.0949, 0.2496, 305)","(-0.065, 0.2467, 301)","(-0.0165, 0.2415, 262)","(-0.0325, 0.2312, 436)","(-0.1286, 0.1867, 278)","(-0.1977, 0.1557, 430)","(-0.1521, 0.1377, 277)","(-0.0117, 0.1521, 285)","(0.0907, 0.1651, 108)","(-0.1703, 0.1082, 45)","(-0.0842, 0.1395, 66)",,
NSP14_P203L,,,,,,,,,,,,,,,,,,,,,,,,,,,,,,,,,,,,,,,,,,,,,"(-0.4757, 0.0057, 7)",,,,,,"(-0.0246, 0.0045, 9)",,,,,,
NSP14_P43L,,,,,,,,,,,,,,,,,,,,,,,,,,,,,,,,,,,,,,,,,,,,,,,,,,,,,,,,,
NSP14_S255I,,,,,,,,,,,,,,,,,,,,,,,,,,,,,,,,,,,,,,,,,,,,,,,,,,,,,,,,,
NSP14_S369F,,,,,,,,,,,,,,,,,,,,,,,,,,,,,,,,,,,,,,,,,,,,,,,,,,,,,,,,,
NSP14_T16I,,,,,,,,,,,,,,,,,,,,,,,,,,,,,,,,,,,,,,,,,,,,,,,,,,,,,,,,,
NSP14_T31I,,,,,,,,,,,,,,,,,,,,,,,,,,,,,,,,,,,,,,,,,,,,,,,"(1.1129, 0.0682, 74)","(-0.2009, 0.0159, 30)","(-0.8124, 0.0134, 20)","(-0.3236, 0.0083, 23)","(-0.1503, 0.0099, 20)","(0.0125, 0.0085, 16)","(0.2627, 0.0168, 11)",,,,
NSP14_T516I,,,,,,,,,,,,,,,,,,,,,,,,,,,,,,,,,,,,,,,,,,,,,,,,,,,,"(-0.0756, 0.0149, 28)",,,,,
NSP14_V125F,,,,,,,,,,,,,,,,,,,,,,,,,,,,,,,,,,,,,,,,,,,,,,,,,,,,,,,,,
NSP14_V167L,,,,,,,,,,,,,,,,,,,,,,,,,,,,,,,,,,,,,,,,,,,,,"(-0.0806, 0.0074, 9)","(-0.3653, 0.0107, 13)","(0.3471, 0.0147, 16)","(0.624, 0.0371, 70)","(0.2037, 0.0222, 33)","(-0.2596, 0.0221, 61)","(-0.1503, 0.0164, 33)","(0.0636, 0.0251, 47)","(-0.0353, 0.0153, 10)","(0.0264, 0.0264, 11)",,,
NSP14_V182L,,,,,,,,,,,,,,,,,,,,,,,,,,,,,,,,,,,,,,,,,,,,"(-0.0518, 0.0066, 6)",,,,,,,,,,,,,
NSP14_V287F,,,,,,,,,,,,,,,"(-0.1702, 0.0474, 12)",,,,,,,,,,,,,,,,,,,,,,,,,,,,,,,,,,,,,,,,,,
NSP14_V381L,,,,,,,,,,,,,,,,,,,,,,,,,,,,,,,,,,,,,,,,,,"(0.0582, 0.0503, 41)","(0.1031, 0.0977, 79)","(-0.0165, 0.0487, 44)","(-0.7248, 0.0229, 28)","(-0.843, 0.009, 11)","(-0.4077, 0.0101, 11)","(0.2312, 0.0143, 27)","(0.3089, 0.0188, 28)","(-0.2496, 0.0087, 24)","(-0.5739, 0.006, 12)","(-0.1961, 0.0059, 11)",,,,,
NSP15_A117T,,,,,,,,,,,,,,,,,,,,,,,,,,,,,,,"(-0.3112, 0.0628, 13)",,,,,,,,,,,,,"(-0.3788, 0.0144, 13)","(-0.2062, 0.0082, 10)","(-0.2334, 0.009, 11)","(0.2277, 0.0129, 14)","(-0.0001, 0.009, 17)","(-0.5819, 0.004, 6)","(-0.5676, 0.0029, 8)",,,,,,,
NSP15_A283V,,,,,,,,,,,,,,,,,,,,,,,,,,,,,,,,,,,,,,,,,,,,,,,,,,,,,,,,,
NSP15_A81V,,,,,,,,,,,,,,,,,,,,,,,,,,,,,,,,,,,,,,,,,,,,,,,,,,"(-0.1431, 0.004, 11)","(-0.1979, 0.005, 10)","(-0.0321, 0.0037, 7)",,,,,
NSP15_D91Y,,,,,,,,,,,,,,,,,,,,,,,,,,,,,,,,,,,,,,,,,,,,,,,,,,"(-0.3458, 0.004, 11)",,,,,,,
NSP15_I222S,,,,,,,,,,,,,,,,,,,,,,,,,,,,,,,,,,,,,,,,,,,,,,,,,,,,,,,,,
NSP15_I252V,,,,,,,,,,,,,,,,,,,,,,,,,,,,,,,,,,,,,,,,,,,,,,,,,,,,,,,,,
NSP15_P270L,,,,,,,,,,,,,,,,,,,,,,,,,,,,,,,,,,,,,,,,,,,,,,,,,,,,,,,,,
NSP15_S147I,,,,,,,,,,,,,,,,,,,,,,,,,,,,,,,,,,,,,,,,,,,,,,,,,"(-0.0915, 0.0054, 8)","(-0.1907, 0.0022, 6)",,,,,,,
NSP15_S161I,,,,,,,,,,,,,,,,,,,,,,,,,,,,,,,,,,,,,,,,,,"(-0.6072, 0.016, 13)","(-0.1736, 0.0074, 6)",,,,,"(0.1688, 0.0069, 13)","(-0.1583, 0.006, 9)","(-0.001, 0.0069, 19)","(0.0336, 0.0065, 13)","(0.0042, 0.0069, 13)",,,,,
NSP15_S25F,,,,,,,,,,,,,,,,,,,,,,,,,,,,,,,,,,,,,,,,,,,,,,,"(-0.196, 0.0055, 6)",,,,,,,,,,
NSP15_T33I,,,,,,,,,,,,,,,,,,,,,,,,,,,,,,,,,,,,,,,,,,,,,,,,,,,,,,,,,
NSP15_V127F,,,,,,,,,,,,,,,,,,,,,,,,,,,,,,,,,,,,,,,,,,,,,,,,,,,,,,,,,
NSP15_V66L,,,,,,,,,,,,,,,,,,,,,,,,,,,,,,,,,"(0.0589, 0.0435, 9)",,,,,,,,,,,,,,,,,,,,,,,,
NSP16_A34V,,,,,,,,,,,,,,,,,,,,,,,,,,"(0.5382, 0.0772, 21)","(0.6217, 0.2275, 43)","(0.468, 0.1969, 25)","(-0.4917, 0.0851, 16)","(-0.0141, 0.1914, 31)","(-0.0178, 0.0821, 17)","(-0.4872, 0.0722, 13)","(-0.1341, 0.0628, 13)","(-0.0952, 0.0597, 8)","(-0.0063, 0.062, 8)","(0.0194, 0.0621, 9)","(-0.1553, 0.0455, 7)","(0.1804, 0.089, 13)","(0.0982, 0.0553, 13)","(-0.7248, 0.0209, 7)","(-0.0264, 0.0525, 35)","(-0.2662, 0.0123, 10)","(-0.0824, 0.0445, 36)","(0.2691, 0.021, 19)","(-0.409, 0.0196, 24)","(-0.3797, 0.0098, 12)","(-0.3783, 0.0092, 10)","(0.012, 0.0101, 19)","(-0.4137, 0.004, 6)","(-0.5644, 0.0033, 9)","(-0.0064, 0.004, 8)",,,,,,
NSP16_D102N,,,,,,,,,,,,,,,,,,,,,,,,,,,,,,,,,,,,,,,,,,,,,,,,,"(-0.1583, 0.0074, 11)",,,,"(0.5616, 0.0122, 8)",,,,
NSP16_D179G,,,,,,,,,,,,,,,,,,,,,,,,,,,,,,,,,,,,,,,,,,,,,,,,,,,,,,,,,
NSP16_K160R,,,,,,,,,,,,,,,,,,,,,,,,,,,,,,,,,,,,,,,,,,,,,,,,,"(0.4782, 0.0168, 25)","(0.5024, 0.013, 36)","(-0.0936, 0.0139, 28)","(-0.1526, 0.0096, 18)","(-0.0647, 0.0122, 8)",,,,
NSP16_M270I,,,,,,,,,,,,,,,,,,,,,,,,,,,,,,,,,,,,,,,,,,,,,,,,,,,,,,,,,
NSP16_P215L,,,,,,,,,,,,,,,,,,,,,,,,,,,,,,,,,,,,,,,,,,,,,,,,,,,,,,,,,
NSP16_P236S,,,,,,,,,,,,,,,,,,,,,,,,,,,,,,,,,,,,,,,,,,,,,,,,,,,,,,,,,
NSP16_Q18L,,,,,,,,,,,,,,,,,,,,,,,,,,,,,,,,,,,,,,,,,,,"(-0.0297, 0.0099, 8)",,,,,,,,,,,,,,
NSP16_R216C,,,,,,,,,,,,,,,,,,,,,,,,,,,,,,,,"(0.1257, 0.0556, 10)","(0.1206, 0.0676, 14)",,,,"(0.4789, 0.1818, 28)","(-0.313, 0.0479, 7)","(0.0582, 0.2043, 48)","(0.9575, 0.3254, 109)","(0.0242, 0.2144, 143)","(-0.2165, 0.211, 172)","(-0.0466, 0.1953, 158)","(0.1251, 0.271, 245)","(0.0467, 0.2144, 262)","(-0.0849, 0.2287, 279)","(0.0093, 0.2184, 237)","(-0.0241, 0.2179, 411)","(-0.11, 0.1753, 261)","(-0.1883, 0.1495, 413)","(-0.1445, 0.1313, 264)","(-0.0223, 0.143, 268)","(0.0959, 0.159, 104)","(-0.1985, 0.0962, 40)","(-0.0807, 0.1353, 64)",,
NSP16_R216N,,,,,,,,,,,,,,,,,,,,,,,,,,,,,,,,,,,,,,,,,,,,,,,,,,,,,,,,,
NSP16_T120I,,,,,,,,,,,,,,,,,,,,,,,,,,,,,,,,,,,,,,,,,,,,,,,,,,,,,,,,,
NSP16_T140I,,,,,,,,,,,,,,,,,,,,,,,,,,,,,,,,,,,,,,,,,,,,,,,,,,,,"(0.1939, 0.0048, 9)",,,,,
NSP16_T35I,,,,,,,,,,,,,,,,,,,,,,,,,,,,,,,,,,,,,,,,,,,"(0.1149, 0.0358, 29)","(-0.2201, 0.0221, 20)","(-0.4177, 0.0155, 19)","(-0.4053, 0.0098, 12)","(-0.1303, 0.012, 13)","(-0.0151, 0.0095, 18)","(-0.1983, 0.0081, 12)","(0.0477, 0.0105, 29)","(0.1051, 0.0099, 20)","(-0.3911, 0.0048, 9)","(0.1035, 0.0122, 8)",,,,
NSP1_D144A,,,,,,,,,,,,,,,,,,,,,,,,,,,,,,,,,,,,,,,,,,,,,,,,,,,,,,,,,
NSP1_F143-,,,,,,,,,,,,,,,,,,,,,,,,,,,,,,,,,,,,,,,,,,,,,,,,,,"(-0.35, 0.0029, 8)","(-0.1503, 0.0035, 7)",,,,,,
NSP1_H110Y,,,,,,,,,,,,,,,,,,,,,,,,,,,,,,,,,,,,,,,,,,,,,,,,"(-0.1589, 0.0048, 9)","(-0.0032, 0.0101, 15)","(0.5795, 0.0152, 42)","(-0.118, 0.008, 16)","(0.0421, 0.0165, 31)","(0.1483, 0.0107, 7)","(0.278, 0.0288, 12)","(0.5086, 0.0296, 14)",,
NSP1_K141-,,,,,,,,,,,,,,,,,,,,,,,,,,,,,,,,,,,,,,,,,,,,,,,,,,"(-0.35, 0.0029, 8)","(-0.1503, 0.0035, 7)",,,,,,
NSP1_L92-,,,,,,,,,,,,,,,,,,,,,,,,,,,,,,,,,,,,,,,,,,,,,,,,,,,,"(0.2098, 0.0342, 64)",,,,,
NSP1_M85-,,,,,,,,,,,,,,,,,,,,,,,,,,,,,,,,,,,,,,,,,,,,,,,,,,,,,,,,,
NSP1_R24C,,,,,,,,,,,,,,,,,,,,,,,,,,,,,,,,,,,,,,,,,,,,,,,,,,,,,,,,,
NSP1_S142-,,,,,,,,,,,,,,,,,,,,,,,,,,,,,,,,,,,,,,,,,,,,,,,,,,"(-0.35, 0.0029, 8)","(-0.1503, 0.0035, 7)",,,,,,
NSP1_V60I,,,,,,,,,,,,,,,,,,,,,,,,,,,,,,,,,,,,,,,,,,,,,,,,,,,,,,,,,
NSP1_V84-,,,,,,,,,,,,,,,,,,,,,,,,,,,,,,,,,,,,,,,,,,,,,,,,,,,,,,,,,
NSP2_A294T,,,,,,,,,,,,,,,,,,,,,,,,,,,,,,,,,,,,,,,,,,,,,,"(-0.1499, 0.0049, 6)",,,,,,,,,,,
NSP2_A318V,,,,,,,,,,,,,,,,,,,,,,,,,,,,,,,,,,,,,,,,,,,,,,,,,,,,,,,,,
NSP2_A336V,,,,,,,,,,,,,,,,,,,,,,,,,,,,,,,,,,,,,,,,,,,,,,,,,,,,,,,,,
NSP2_A360V,,,,,,,,,,,,,,,,,,,,,,,,,,,,,,,,,,,,,,,,,,,,,,,,,,,,,,,,,
NSP2_A361V,,,,,,,,,,,"(-0.0477, 0.0256, 9)","(-0.3598, 0.0276, 8)","(-0.0716, 0.0222, 6)","(0.0144, 0.0284, 9)","(0.4562, 0.0553, 14)",,,,,,,,,,,,,,,,,,,,,,,,,,,,,,,,,,,,,,,,,,
NSP2_A476V,,,,,,,,,,,,,,,,,,,,,,,,,,,,,,,,,,,,,,,,,,,,,,,,,"(-0.2586, 0.006, 9)","(0.1188, 0.0047, 13)","(0.0707, 0.007, 14)","(0.1104, 0.0059, 11)","(0.2151, 0.0107, 7)",,,,
NSP2_A510V,,,,,,,,,,,,,,,,,,,,,,,,,,,,,,,,,,,,,,,,,,,,,,,,,"(0.1448, 0.0074, 11)","(0.1188, 0.0047, 13)",,,,,,,
NSP2_D23Y,,,,,,,,,,,,,,,,,,,,,,,,,,,,,,,,,,,,,,,,,,,,,,,,,,,,,,,,,
NSP2_F10L,,,,,,,,,,,,,,,,,,,,,,,,,,,,,,,,,,,,,,,,,,,,,,,,,,,,,,,,,
NSP2_F226Y,,,,,,,,,,,,,,,,,,,,,,,,,,,,,,,,,,,,,,,,,,,,,,,,,,,,,,,,,
NSP2_G339C,,,,,,,,,,,,,,,,,,,,,,,,,,,,,,,,,,,,,,,,,,,,,,,,,,,,,,,,,
NSP2_G339S,,,,,,,,,,,,,,,,,,,,,,,,,,,,,,,,,,,,,,,,,,,,,,,,,,,,,,,,,
NSP2_H208Y,,,,,,,,,,,,,,,,,,,,,,,,,,,,,,,,,,,,,,,,,,,,,,,,,,,,"(-0.1204, 0.0043, 8)",,,,,
NSP2_H237Y,,,,,,,,,,,,,,,,,,,,,,,,,,,,,,,,,,,,,,,,,,,,,,,,,,,,,,,,,
NSP2_I349T,,,,,,,,,,,,,,,,,,,,,,,,,,,,,,,,,,,,,,,,,,,,,,,"(0.2468, 0.0147, 16)","(0.0172, 0.0085, 16)","(0.0445, 0.0161, 24)","(-0.1604, 0.0062, 17)","(-0.3227, 0.0085, 17)","(0.3664, 0.0128, 24)","(0.344, 0.0168, 11)",,,,
NSP2_K214N,,,,,,,,,,,,,,,,,,,,,,,,,,,,,,,,,,,,,,,,,,,,,,,,,,,,,,,,,
NSP2_K337N,,,,,,,,,,,,,,,,,,,,,,,,,,,,,,,,,,,,,,,,,,,,,,,,,,,,,,,,,
NSP2_K500N,,,,,,,,,,,,,,,,,,,,,,,,,,,,,,,,,,,,,,,,,,,,,,,,,,,,,,,,,
NSP2_K534R,,,,,,,,,,,,,,,,,,,,,,,,,,,,,,,,,,,,,,,,,,,,,,,"(0.1506, 0.0111, 12)","(-0.1589, 0.0095, 18)","(-0.2018, 0.0074, 11)","(0.1695, 0.0134, 37)","(0.2798, 0.0129, 26)","(-0.1393, 0.0101, 19)","(-0.0277, 0.0122, 8)",,,,
NSP2_L410F,,,,,,,,,,,,,,,,,,,,,,,,,,,,,,,,,,,,,,,,,,,,,,,,,,,,,,,,,
NSP2_L451F,,,,,,,,,,,,,,,,,,,,,,,,,,,,,,,,,,,,,,,,,,,,,,,,,,,,,,,,,
NSP2_L462F,,,,,,,,,,,,,,,,,,,,,,,,,,,,,,,,,,,,,,,,,,,,,,,,,,"(-0.0996, 0.0043, 12)",,,,,,,
NSP2_M404V,,,,,,,,,,,,,,,,,,,,,,,,"(-0.3329, 0.0324, 16)",,,,,,,,,,,,,,,,,,,,,,,,,,,,,,,,,
NSP2_P129L,,,,,,,,,,,,,,,,,,,,,,,,,,,,,,,,,,,,,,,,,,,,,,,,,"(0.314, 0.0121, 18)","(0.2529, 0.0062, 17)","(-0.6996, 0.003, 6)","(-0.3268, 0.0032, 6)",,,,,
NSP2_P129S,,,,,,,,,,,,,,,,,,,,,,,,,,,,,,,,,,,,,,,,,,,,,,,,,,"(0.012, 0.0033, 9)",,,,,,,
NSP2_Q427H,,,,,,,,,,,,,,,,,,,,,,,,,,,,,,,,,,,,,,,,,,,,,,,,,,,,"(0.1939, 0.0064, 12)",,,,,
NSP2_R218C,,,,,,,,,,,,,,,"(0.0325, 0.0395, 10)","(0.043, 0.0825, 25)",,,,,,,,,,,,,,,,,,,,,,,,,,,,,,,,,,"(0.0199, 0.0116, 32)","(-0.3418, 0.0075, 15)","(-0.1526, 0.0085, 16)",,,,,
NSP2_R27C,,,,,,,,,,,,,,,,,,,,,,,,,,,,,,,,,,,,,,,,,,,,,,,,,,,,,,,,,
NSP2_R46K,,,,,,,,,,,,,,,,,,,,,,,,,,,,,,,,,,,,,,,,,,,,,,,,,,,,"(-0.0088, 0.0032, 6)",,,,,
NSP2_S138L,,,,,,,,,,,,,,,,,,,,,,,,,,,,,,,,,,,,,,,,,,,,,,,,,,,,,,,,,
NSP2_S263F,,,,,,,,,,,,,,,,,,,,,,,,,,,,,,,,,,,,,,,,,,,,,,,,,,,,,,,,,
NSP2_T170I,,,,,,,,,,,,,,,,,,,,,,,,,,,,,,,,,,,,,,,,,,,,,,,,,,,,,,,,,
NSP2_T256I,,,,,,,,,,,,,,,,,,,,,,,,,,,,,,,,,,,,,,,,,,,"(0.1974, 0.0222, 18)","(0.2421, 0.0199, 18)","(-0.5001, 0.0082, 10)","(-0.5554, 0.0066, 8)","(-0.1189, 0.0065, 7)","(-0.0151, 0.0064, 12)","(-0.0326, 0.006, 9)","(0.1345, 0.0083, 23)","(0.0707, 0.007, 14)","(-0.1314, 0.0064, 12)","(0.2818, 0.0122, 8)",,,,
NSP2_T44I,,,,,,,,,,,,,,,,,,,,,,,,,,,,,,,,,,,,,,,,,"(-0.2662, 0.015, 10)","(-0.1415, 0.0135, 11)","(-0.2748, 0.0087, 7)","(-0.0518, 0.0122, 11)","(0.0633, 0.0098, 12)",,,,"(0.0972, 0.0134, 20)","(-0.0357, 0.0054, 15)","(-0.3657, 0.0065, 13)","(0.0824, 0.0064, 12)",,,,,
NSP2_T528I,,,,,,,,,,,,,,,,,,,,,,,,,,,,,,,,,,,,,,,,,,,,,,,,,,,,,,,,,
NSP2_T547I,,,,,,,,,,,,,,,,,,,,,,,,,,,,,,,,,,,,,,,,,,,,,,,,,,,,,,,,,
NSP2_T601I,,,,,,,,,,,,,,,,,,,,,,,,,,,,,,,,,,,,,,,,,,,,,,,,,,,,,,,,,
NSP2_T634I,,,,,,,,,,,,,,,,,,,,,,,,,,,,,,,,,,,,,,,,,,,,,,,,,,,"(0.3402, 0.008, 16)","(-0.0237, 0.0059, 11)","(0.4578, 0.0199, 13)",,,,
NSP2_T85I,,,,,,,,,,"(0.5192, 0.5148, 209)","(0.1009, 0.5385, 189)","(-0.2104, 0.3379, 98)","(-0.2234, 0.3444, 93)","(0.0087, 0.3438, 109)","(0.0738, 0.3992, 101)","(0.1513, 0.4653, 141)","(0.1144, 0.5018, 137)","(-0.0446, 0.4256, 83)","(-0.1325, 0.385, 77)","(0.0103, 0.4345, 63)","(-0.1473, 0.2867, 80)","(-0.2891, 0.2437, 58)","(-0.2641, 0.1691, 35)","(0.0025, 0.2449, 121)","(0.1889, 0.2467, 94)","(-0.1239, 0.1912, 52)","(-0.0178, 0.2381, 45)","(-0.2408, 0.1181, 15)","(-0.1375, 0.1809, 34)","(0.1337, 0.1543, 25)","(-0.0943, 0.1498, 31)","(0.0549, 0.1722, 31)","(0.1148, 0.1884, 39)","(-0.0239, 0.1642, 22)","(0.0526, 0.2093, 27)","(0.1927, 0.2414, 35)","(0.2195, 0.3247, 50)","(0.0106, 0.2466, 36)","(0.1043, 0.4, 94)","(0.4346, 0.5881, 197)","(0.075, 0.4648, 310)","(-0.1043, 0.4773, 389)","(0.0196, 0.4833, 391)","(0.1496, 0.6438, 582)","(0.0749, 0.5614, 686)","(0.0282, 0.6811, 831)","(0.1074, 0.6959, 755)","(0.0423, 0.7413, 1398)","(0.0276, 0.7354, 1095)","(0.0432, 0.8081, 2232)","(0.0456, 0.8056, 1620)","(0.0084, 0.8218, 1540)","(0.0049, 0.8135, 532)","(-0.0086, 0.8077, 336)","(0.0055, 0.8224, 389)",,
NSP2_V258A,,,,,,,,,,,,,,,,,,,,,,,,,,,,,,,,,,,,,,,,,,,,,,,,,,,,,,,,,
NSP2_V485I,,,,,,,,,,,,,,,,,,,,,,,,,,,,,,,,,,,,,,,,,,,,"(0.0794, 0.0144, 13)","(-0.3745, 0.0082, 10)","(0.2846, 0.0254, 31)","(0.2622, 0.0138, 15)","(-0.7358, 0.0058, 11)","(-0.2698, 0.0081, 12)","(-0.1072, 0.0047, 13)","(-0.2414, 0.005, 10)","(0.0101, 0.0048, 9)",,,,,
NSP2_V571L,,,,,,,,,,,,,,,,,,,,,,,,,,,,,,,,,,,,,,,,,"(-0.41, 0.015, 10)","(-0.1161, 0.0331, 27)","(0.0347, 0.0161, 13)","(0.0331, 0.0354, 32)","(0.0092, 0.0164, 20)","(-0.6003, 0.0107, 13)","(0.2095, 0.0249, 27)","(0.2003, 0.0159, 30)","(-0.2172, 0.0161, 24)","(-0.0726, 0.0138, 38)","(-0.1938, 0.0109, 22)","(-0.0793, 0.0117, 22)","(-0.0109, 0.0107, 7)",,,,
NSP3_A1105V,,,,,,,,,,,,,,,,,,,,,,,,,,,,,,,,,,,,,,,,,,,,,,,,,,,,,,,,,
NSP3_A1179V,,,,,,,,,,,,,,,,,,,,,,,,,,,,,,,,,,,,,,,,,,,,,,,,,,,"(0.1963, 0.006, 12)",,,,,,
NSP3_A1461T,,,,,,,,,,,,,,,,,,,,,,,,,,,,,,,,,,,,,,,,,,,,,,,,"(-0.1175, 0.0058, 11)","(0.4681, 0.0141, 21)","(0.4671, 0.0148, 41)","(0.0281, 0.0149, 30)","(-0.2766, 0.0085, 16)",,,,,
NSP3_A1527V,,,,,,,,,,,,,,,,,,,,,,,,,,,,,,,,,,,,,,,,,,,,,,,,,,,,,,,,,
NSP3_A1766V,,,,,,,,,,,,,,,,,,,,,,,,,,,,,,,,,,,,"(0.3471, 0.0897, 13)",,,,,,,,,,,,,,,,,,,,,
NSP3_A1892V,,,,,,,,,,,,,,,,,,,,,,,,,,,,,,,,,,,,,,,,,,,,,,,,,,,,,,,,,
NSP3_A231V,,,,,,,,,,,,,,,,,,,,,,,,,,,,,,,,,,,,,,,,,,,,"(1.1421, 0.1084, 98)","(-0.0279, 0.0082, 10)","(-1.5465, 0.0049, 6)","(-0.196, 0.0055, 6)","(0.2403, 0.008, 15)",,,,,,,,,
NSP3_A264T,,,,,,,,,,,,,,,,,,,,,,,,,,,,,,,,,,,,,,,,,,,"(-0.0297, 0.0099, 8)",,,,,,,,,,,,,,
NSP3_A264V,,,,,,,,,,,,,,,,,,,,,,,,,,,,,,,,,,,,,,,,,,,,,,,,,,,,,,,,,
NSP3_A465V,,,,,,,,,,,,,,,,,,,,,,,,,,,,,,,,,,,,,,,,,,,,,,,,,,,,,,,,,
NSP3_A480V,,,,,,,,,,,,,,,,,,,,,,,,,,,,,,,,,,,,,,,,,,,,,,,,,,,,,,,,,
NSP3_A498S,,,,,,,,,,,,,,,,,,,,,,,,,,,,,,,,,,,,,,,,,,,,,,,,,,,,,,,,,
NSP3_A602V,,,,,,,,,,,,,,,,,,,,,,,,,,,,,,,,,,,,,,,,,,,,,"(-1.0109, 0.0049, 6)",,,,,,,,,,,,
NSP3_A655V,,,,,,,,,,,,,,,,,,,,,,,,,,,,,,,,,,,,,,,,,,,,,,,"(0.2277, 0.0129, 14)","(-0.3149, 0.0148, 28)","(0.0445, 0.0141, 21)","(0.2952, 0.0268, 74)","(0.4223, 0.0328, 66)","(-0.0893, 0.0224, 42)","(0.0123, 0.0336, 22)","(0.1662, 0.0312, 13)","(0.162, 0.0465, 22)",,
NSP3_A831S,,,,,,,,,,,,,,,,,,,,,,,,,,,,,,,,,,,,,,,,,,,,,,,,,,,,,,,,,
NSP3_A85V,,,,,,,,,,,,,,,,,,,,,,,,,,,,,,,,,,,,,,,,,,,,,,,,,,,,,,,,,
NSP3_A890D,,,,,,,,,,,,,,,,,,,,,,,,,,,,,,,,,,,,,,,,,,,,,,,"(1.0324, 0.0387, 42)","(-0.2178, 0.0186, 35)","(-0.1703, 0.0275, 41)","(-0.5518, 0.0062, 17)","(-0.2153, 0.0179, 36)","(0.7432, 0.0272, 51)","(0.3793, 0.0382, 25)","(0.1062, 0.0337, 14)","(0.2696, 0.0655, 31)",,
NSP3_C1029R,,,,,,,,,,,,,,,,,,,,,,,,,,,,,,,,,,,"(0.4919, 0.0775, 10)",,,,"(-0.7606, 0.0255, 6)","(-0.3149, 0.0328, 11)","(0.5284, 0.0735, 49)","(0.4037, 0.0736, 60)","(0.1096, 0.0915, 74)","(-0.3661, 0.0354, 32)","(-0.7692, 0.0196, 24)","(-0.4965, 0.0131, 16)","(-0.1755, 0.0138, 15)","(-0.1062, 0.0106, 20)","(-0.126, 0.0107, 16)","(-0.0792, 0.0091, 25)","(0.1295, 0.0139, 28)","(-0.2166, 0.0059, 11)",,,,,
NSP3_D1214G,,,,,,,,,,,,,,,,,,,,,,,,"(-0.3974, 0.0304, 15)",,,,,,,,,,,,,,,,,,,,,,,,,,,,,,,,,
NSP3_D1481N,,,,,,,,,,,,,,,,,,,,,,,,,,,,,,,,,,,,,,,,,,,,,,,,,,"(0.2784, 0.0083, 23)","(0.2308, 0.0075, 15)","(0.0125, 0.0085, 16)",,,,,
NSP3_D410Y,,,,,,,,,,,,,,,,,,,,,,,,,,,,,,,,,,,,,,,,,,,,,,,,,,,,,,,,,
NSP3_D807E,,,,,,,,,,,,,,,,,,,,,,,,,,,,,,,,,,,,,,,,,,,"(0.21, 0.0297, 24)",,,,"(0.103, 0.0111, 12)","(0.0761, 0.0143, 27)","(0.1215, 0.0141, 21)","(-0.2292, 0.0091, 25)","(-0.1503, 0.0104, 21)","(0.1735, 0.0128, 24)",,,,,
NSP3_E95D,,,,,,,,,,,,,,,,,,,,,,,,,,,,,,,,,,,,,,,,,,,,,,,,,,,,"(0.0936, 0.0048, 9)",,,,,
NSP3_F1516L,,,,,,,,,,,,,,,,,,,,,,,,,,,,,,,,,,,,,,,,,,,,,,,,,,,,"(-0.0859, 0.0171, 32)",,,,,
NSP3_G1300D,,,,,,,,,,,,,,,,,,,,,,,,,,,,,,,,,,,,,,,,,,,,,,,,,,,,,,,,,
NSP3_G1389S,,,,,,,,,,,,,,,,,,,,,,,,,,,,,,,,,,,,,,,,,,,,,,,,,,,,,,,,,
NSP3_G1849C,,,,,,,,,,,,,,,,,,,,,,,,,,,,,,,,,,,,,,,,,,,"(0.1385, 0.0198, 16)","(-0.0953, 0.0122, 11)","(-0.273, 0.0115, 14)","(0.0375, 0.0131, 16)","(0.094, 0.0138, 15)","(0.2014, 0.0196, 37)","(0.236, 0.0222, 33)","(-0.0503, 0.0177, 49)","(-0.4263, 0.0094, 19)","(-0.1425, 0.0133, 25)","(-0.0147, 0.0092, 6)",,,,
NSP3_G76D,,,,,,,,,,,,,,,,,,,,,,,,,,,,,,,,,,,,,,,,,,,,,,,,,,,,,,,,,
NSP3_H295Y,,,,,,,,,,,,,,,,,,"(0.3642, 0.041, 8)",,,,,,,,,,,,,,,,,,,,,,,,,,,,,,,,,,,,,,,
NSP3_H342Y,,,,,,,,,,,,,,,,,,,,,,,,,,,,,,,,,,,,,,,,,,,,,,,,,,,,,,,,,
NSP3_I1021V,,,,,,,,,,,,,,,,,,,,,,,,,,,,,,,,,,,,,,,,,,,,,,,"(0.1071, 0.0101, 11)","(-0.1319, 0.0101, 19)","(-0.2586, 0.006, 9)","(0.1147, 0.0127, 35)","(0.3802, 0.0129, 26)","(-0.1115, 0.0101, 19)","(-0.0277, 0.0122, 8)",,,,
NSP3_I1094V,,,,,,,,,,,,,,,,,,,,,,,,,,,,,,,,,,,,,,,,,"(-0.2956, 0.0165, 11)","(-0.1161, 0.0331, 27)","(0.0908, 0.0198, 16)","(0.0331, 0.0354, 32)","(-0.0248, 0.0188, 23)","(-0.6403, 0.0098, 12)","(0.1208, 0.024, 26)","(0.2403, 0.0159, 30)","(-0.265, 0.0141, 21)","(-0.0859, 0.0134, 37)","(-0.1048, 0.0114, 23)","(-0.066, 0.0117, 22)","(-0.0332, 0.0107, 7)",,,,
NSP3_I1412T,,,,,,,,,,,,,,,,,,,,,,,,,,,,,,,,,,,,,,,,,,,,,,,"(1.0442, 0.0396, 43)","(-0.2178, 0.0186, 35)","(-0.1821, 0.0275, 41)","(-0.5232, 0.0065, 18)","(-0.2588, 0.0164, 33)","(0.6947, 0.0261, 49)","(0.4024, 0.0367, 24)","(0.1262, 0.0337, 14)","(0.2736, 0.0634, 30)",,
NSP3_K1042T,,,,,,,,,,,,,,,,,,,,,,,,,,,,,,,,,,,,,,,,,,,"(-0.0297, 0.0099, 8)",,,,,,,,,,,,,,
NSP3_K1241R,,,,,,,,,,,,,,,,,,,,,,,,,,,,,,,,,,,,,,,,,,,"(0.0473, 0.0198, 16)","(-0.0863, 0.0155, 14)","(-0.2062, 0.0131, 16)","(0.3083, 0.0287, 35)","(0.1454, 0.0175, 19)","(-0.4277, 0.0122, 23)","(-0.2139, 0.0114, 17)","(-0.3722, 0.0058, 16)","(-0.2844, 0.0065, 13)","(-0.0411, 0.0053, 10)",,,,,
NSP3_K384N,,,,,,,,,,,,,,,,,,,,,,,,,,,,,,,,,,,,,,,,,,,,,,,,,,,,,,,,,
NSP3_K412N,,,,,,,,,,,,,,,,,,,,,,,,,,,,,,,,,,,,,,,,,,,,,,,,,,,,,,,,,
NSP3_L1287F,,,,,,,,,,,,,,,,,,,,,,,,,,,,,,,,,,,,,,,,,,,,,,,,,,,,,,,,,
NSP3_L1685F,,,,,,,,,,,,,,,,,,,,,,,,,,,,,,,,,,,,,,,,,,,,,,,,,,,,"(0.6521, 0.008, 15)","(0.6143, 0.0153, 10)",,,,
NSP3_L1870F,,,,,,,,,,,,,,,"(0.3356, 0.087, 22)",,,,,,,,,,,,,,,,,,,,,,,,,,,,,,,,,,,,,,,,,,
NSP3_L312F,,,,,,,,,,,,,,,,,,,,,,,,,,,,,,,,,,,,,,,,,,,,,,,,,,,,,,,,,
NSP3_M1441I,,,,,,,,,,,,,,,,,,,,,,,,,,,,,,,,,,,,,,,,,,,,,,,,,,,,,,,,,
NSP3_M1747I,,,,,,,,,,,,,,,,,,,,,,,"(0.0581, 0.0483, 10)","(-0.8233, 0.0162, 8)",,,,,,,,,,,,,,,,,,,,,,,,,,,,,,,,,
NSP3_M1788I,,,,,,,,,,,,,,,,,,,,,,,,,,,,,,,,,,,,,,,,,"(-0.1428, 0.048, 32)","(-0.0579, 0.0479, 39)","(0.0274, 0.0507, 41)","(-0.0648, 0.042, 38)","(0.0753, 0.0589, 72)","(0.3135, 0.0787, 96)","(0.2481, 0.0968, 105)","(-0.0662, 0.0689, 130)","(-0.3069, 0.0524, 78)","(-0.2477, 0.042, 116)","(-0.026, 0.0497, 100)","(0.0501, 0.0464, 87)","(-0.0403, 0.0459, 30)","(-0.2814, 0.0264, 11)","(0.0905, 0.055, 26)",,
NSP3_M560I,,,,,,,,,,,,,,,,,,,,,,,,,,,,,,,,,,,,,,,,,,,,,,,,,,,,"(-0.2297, 0.0032, 6)",,,,,
NSP3_M768I,,,,,,,,,,,,,,,,,,,,,,,,,,,,,,,,,,,,,,,,,,,,,,,,,,,,,"(0.6387, 0.0107, 7)",,,,
NSP3_M829I,,,,,,,,,,,,,,,,,,,,,,,,,,,,,,,,,,,,,,,,,,,,,,,,,,,,,,,,,
NSP3_M951I,,,,,,,,,,,,,,,,,,,,,,,,,,,,,,,,,,,,,,,,,,,,,,,,,,,,,,,,,
NSP3_N1329S,,,,,,,,,,,,,,,,,,,,,,,,,,,,,,,,,,,,,,,,,,,,,,,,,,,,,,,,,
NSP3_N1543K,,,,,,,,,,,,,,,,,,,,,,,,,,,,,,,,,,,,,,,,,,,,,,,"(0.406, 0.0129, 14)","(0.0053, 0.0133, 25)","(-0.1583, 0.0094, 14)","(-0.4462, 0.0054, 15)","(0.0281, 0.0099, 20)","(0.1224, 0.0069, 13)","(0.2151, 0.0153, 10)",,,,
NSP3_P1044S,,,,,,,,,,,,,,,,,,,,,,,,,,,,,,,,,,,"(0.4919, 0.0775, 10)",,,,"(-0.7606, 0.0255, 6)","(-0.2314, 0.0388, 13)","(0.5581, 0.078, 52)","(0.3284, 0.0748, 61)","(0.0866, 0.0927, 75)","(-0.2628, 0.0442, 40)","(-0.6644, 0.0245, 30)","(-0.5491, 0.0148, 18)","(-0.1689, 0.0175, 19)","(-0.074, 0.0127, 24)","(-0.1326, 0.0134, 20)","(0.012, 0.013, 36)","(0.0847, 0.0159, 32)","(-0.2783, 0.0075, 14)",,,,,
NSP3_P1103L,,,,,,,,,,,,,,,,,,,,,,,,,,,,,,,,,,,,,,,,,,,"(0.1912, 0.0198, 16)",,,,"(-0.2436, 0.0055, 6)","(0.012, 0.0101, 19)","(0.1883, 0.0081, 12)","(-0.2178, 0.0065, 18)","(0.1295, 0.0104, 21)","(0.2466, 0.0107, 20)",,,,,
NSP3_P1261L,,,,,,,,,,,,,,,,,,,,,,,,,,,,,,,,,,,,,,,,,,,,,,,,,,,,,,,,,
NSP3_P1261S,,,,,,,,,,,,,,,,,,,,,,,,,,,,,,,,,,,,,,,,,,,,,,,,,,,,,,,,,
NSP3_P141S,,,,,,,,,,,,,,,,,,,,,,,,,,,,,,,,,,,,,,,,,,,,,,,"(1.1581, 0.0581, 63)","(0.0699, 0.017, 32)","(-0.5637, 0.0188, 28)","(0.1636, 0.0235, 65)","(0.2631, 0.0318, 64)","(0.2238, 0.0368, 69)","(0.0499, 0.0352, 23)","(0.441, 0.0889, 37)","(0.2233, 0.055, 26)",,
NSP3_P1442S,,,,,,,,,,,,,,,,,,,,,,,,,,,,,,,,,,,,,,,,,,,,,,,,,,,,,,,,,
NSP3_P153L,,,,,,,,,,,,,,,,,,,,,,,,,,,,,,,,,,,,,,,,,,,,,,,,"(-0.5644, 0.0037, 7)","(-0.1583, 0.004, 6)","(0.0787, 0.0043, 12)","(0.1528, 0.0055, 11)","(-0.0756, 0.0037, 7)",,,,,
NSP3_P340L,,,,,,,,,,,,,,,,,,,,,,,,,,,,,,,,,,,,,,,,,,,"(-0.0194, 0.0087, 7)",,,,"(0.0272, 0.0138, 15)","(-0.2178, 0.008, 15)","(-0.0671, 0.0121, 18)","(-0.1907, 0.0054, 15)","(-0.6996, 0.003, 6)","(0.1939, 0.008, 15)","(0.7055, 0.0122, 8)",,,,
NSP3_P340S,,,,,,,,,,,,,,,,,,,,,,,,,,,,,,,,,,,,,,,,,,,,,,,,,,,,"(0.1413, 0.0048, 9)",,,,,
NSP3_P389S,,,,,,,,,,,,,,,,,,,,,,,,,,,,,,,,,,,,,,,,,,,,,,,,,,,,,,,,,
NSP3_P395L,,,,,,,,,,,,,,,,,,,,,,,,,,,,,,,,,,,,,,,,,,,,,,,,,,,,,,,,,
NSP3_P968L,,,,,,,,,,,,,,,,,,,,,,,,,,,,,,,,,,,,,,,,,,,,,,,,,,,,,,,,,
NSP3_Q764H,,,,,,,,,,,,,,,,,,,,,,,,,,,,,,,,,,,,,,,,,,,"(0.6485, 0.0878, 71)","(-0.1309, 0.0387, 35)","(-0.8924, 0.0147, 18)","(-0.6851, 0.0098, 12)","(-0.346, 0.0074, 8)","(0.062, 0.0111, 21)","(0.4115, 0.0168, 25)","(-0.2151, 0.0072, 20)","(-0.5172, 0.006, 12)","(-0.2053, 0.0048, 9)",,,,,
NSP3_Q995H,,,,,,,,,,,,,,,,,,,,,,,,,,,,,,,,,,,,,,,,,,"(-0.8181, 0.011, 9)",,,,,,,,,"(0.2363, 0.0065, 13)","(-0.1526, 0.0043, 8)",,,,,
NSP3_S1206L,,,,,,,,,,,,,,,,,,,,,,,,,,,,,,,,,,,,,,,,,,,,,,,,,,,,,,,,,
NSP3_S126L,,,,,,,,,,,,,,,,,,,,,,,,,,,,,,,,,,,,,,,,,,,,,,,,,,,,"(-0.1204, 0.0043, 8)",,,,,
NSP3_S1285F,,,,,,,,,,,,,,,,,,,,,,,,,,,,,,,,,,,,,,,,,,,,,,,,,,,,,,,,,
NSP3_S1333G,,,,,,,,,,,,,,,,,,,,,,,,,,"(0.7809, 0.0772, 21)",,,,,,,,,,,,,,,,,,,,,,,,,,,,,,,
NSP3_S1396A,,,,,,,,,,,,,,,,,,,,,,,,,,,,,,,,,,,,,,,,,,,,,,,,,,,,,,,,,
NSP3_S1424F,,,,,,,,,,,,,,,,,,,,,,,,,,,,,,,,,,,,,,,,,,,"(0.1212, 0.021, 17)","(0.2135, 0.0188, 17)","(-0.2688, 0.0123, 15)","(-0.6706, 0.0049, 6)","(-0.2548, 0.0074, 8)","(0.2058, 0.0074, 14)","(-0.225, 0.0047, 7)","(0.0352, 0.008, 22)","(0.4445, 0.0114, 23)","(-0.1091, 0.0064, 12)","(0.0336, 0.0122, 8)",,,,
NSP3_S166I,,,,,,,,,,,,,,,,,,,,,,,,,,,,,,,,,,,,,,,,,,,,,"(0.0365, 0.0106, 13)","(-0.5935, 0.0057, 7)",,,,,,,,,,,
NSP3_S1675I,,,,,,,,,,,,,,,,,,,,,,,,,,,,,,,,,,,,,,,,,,,,,,,,,,,,,,,,,
NSP3_S1717L,,,,,,,,,,,,,,,,,,,,,,,,,,,,,,,,,,,,,,,,,,,,,,,,,,"(-0.3346, 0.0022, 6)",,,,,,,
NSP3_S1807F,,,,,,,,,,,,,,,,,,,,,,,,,,,,,,,,,,,,,,,,,,,,,,"(0.1055, 0.0082, 10)","(-0.3842, 0.0065, 7)","(-0.1701, 0.0058, 11)",,,,"(-0.2438, 0.0053, 10)",,,,,
NSP3_S40F,,,,,,,,,,,,,,,,,,,,,,,,,,,,,,,,,,,,,,,,,,,,,,,,,"(0.2582, 0.0154, 23)","(-0.2598, 0.0098, 27)","(-0.2201, 0.0099, 20)","(0.3092, 0.0181, 34)","(0.6093, 0.0336, 22)",,,,
NSP3_S93A,,,,,,,,,,,,,,,,,,,,,,,,,,,,,,,,,,,,,,,,,,,,,,,,,,,,"(0.0347, 0.0043, 8)",,,,,
NSP3_T1010N,,,,,,,,,,,,,,,,,,,,,,,,,,,,,,,,,,,,,,,,,,,,,,,,,,,,,,,,,
NSP3_T1189I,,,,,,,,,,,,,,,,,,,,,,,,,,,,,,,,,,,"(0.4919, 0.0775, 10)",,,,"(-0.374, 0.0553, 13)","(-0.3676, 0.0328, 11)","(0.2086, 0.084, 56)","(0.5284, 0.0945, 77)","(0.0692, 0.0964, 78)","(-0.432, 0.0398, 36)","(-0.7185, 0.0229, 28)","(-0.4694, 0.0156, 19)","(-0.2204, 0.0147, 16)","(0.0428, 0.017, 32)","(-0.0723, 0.0128, 19)","(-0.0315, 0.0159, 44)","(0.3335, 0.0249, 50)","(-0.3441, 0.008, 15)","(-0.4985, 0.0092, 6)",,,,
NSP3_T1275I,,,,,,,,,,,,,,,,,,,,,,,,,,,,,,,,,,,,,,,,,,,,,,,,,,,,"(0.497, 0.0059, 11)",,,,,
NSP3_T1465I,,,,,,,,,,,,,,,,,,,,,,,,,,,,,,,,,,,,,,,,,,,,,,,,,,,,,,,,,
NSP3_T1797I,,,,,,,,,,,,,,,,,,,,,,,,,,,,,,,,,,,,,,,,,,,,,,,,,,,,,,,,,
NSP3_T183I,,,,,,,,,,,,,,,,,,,,,,,,,,,,,,,,,,,,,,,,,,,,,,,"(1.0442, 0.0396, 43)","(-0.2319, 0.0186, 35)","(-0.17, 0.0282, 42)","(-0.4462, 0.0076, 21)","(-0.2136, 0.0184, 37)","(0.6662, 0.0288, 54)","(0.3656, 0.0382, 25)","(0.1444, 0.0385, 16)","(0.2532, 0.0634, 30)",,
NSP3_T217I,,,,,,,,,,,,,,,,,,,,,,,,,,,,,,,,,,,,,,,,,,,,,,,,,,,,,,,,,
NSP3_T479I,,,,,,,,,,,,,,,,,,,,,,,,,,,,,,,,,,,,,,,,,,,,,,,,,,,,,,,,,
NSP3_T611I,,,,,,,,,,,,,,,,,,,,,,,,,,,,,,,,,,,,,,,,,,,,,,,,,,,,,,,,,
NSP3_T686I,,,,,,,,,,,,,"(0.2083, 0.0259, 7)",,,,,,,,,,,,,,,,,,,,,,,,,,,,,,,,,,,,,,,,,,,,
NSP3_T724I,,,,,,,,,,,,,,,,,,,,,,,,,,,,,,,,,,,,,,,,,,,,,"(0.0633, 0.0098, 12)",,,,,"(0.2329, 0.0076, 21)","(-0.1026, 0.0055, 11)","(-0.177, 0.0053, 10)","(0.5616, 0.0168, 11)",,,,
NSP3_T73I,,,,,,,,,,,,,,,,,,,,,,,,,,,,,,,,,,,,,,,,,,,,,,,,,,,,,,,,,
NSP3_V469A,,,,,,,,,,,,,,,,,,,,,,,,,,,,,,,,,,,,,,,,,,,,,"(-1.0109, 0.0049, 6)",,,,,,,,,,,,
NSP3_V50L,,,,,,,,,,,,,,,,,,,,,,,,,,,,,,,,,,,,,,,,,,,,,,,,"(-0.0305, 0.0085, 16)","(-0.2353, 0.004, 6)","(-0.3781, 0.004, 11)","(0.3705, 0.0085, 17)",,,,,,
NSP4_A231V,,,,,,,,,,,,,,,,,,,,,,,,,,,,,,,,,,,,"(0.5099, 0.1862, 27)","(-0.005, 0.0844, 13)","(-0.7555, 0.0411, 6)",,,,,,,,,,,,,,,,,,,
NSP4_A307V,,,,,,,,,,,,,,,,,,,,,,,,,,,,,,,,,,,,,,,,,,,,,,,,,,,,,,,,,
NSP4_A380V,,,,,,,,,,,,,,,,,,,,,,,,,,,,,,,,,,,,,,,,,,,,,,,,,,,,,,,,,
NSP4_A446V,,,,,,,,,,,,,,,,,,,,,,,,,,,,,,,,,,,,,,,,,,,,,,,,,,,,,,,,,
NSP4_A69V,,,,,,,,,,,,,,,,,,,,,,,,,,,,,,,,,,,,,,,,,,,,,,,,,,,,,,,,,
NSP4_D217G,,,,,,,,,,,,,,,,,,,,,,,,,,,,,,,,,,,,,,,,,,,"(0.0776, 0.021, 17)","(-0.0841, 0.0166, 15)","(-0.125, 0.0164, 20)","(0.2443, 0.027, 33)","(0.0838, 0.0194, 21)","(-0.377, 0.0127, 24)","(-0.1827, 0.0134, 20)","(-0.3935, 0.0058, 16)","(-0.3657, 0.0065, 13)","(-0.0411, 0.0053, 10)",,,,,
NSP4_M458I,,,,,,,,,,,,,,,,,,,,,,,,,,,,,,,,,,,,,,,,,,,,,,,,"(-0.3294, 0.0064, 12)","(0.0845, 0.0087, 13)","(0.1345, 0.0083, 23)","(-0.3341, 0.0045, 9)","(-0.1749, 0.0059, 11)",,,,,
NSP4_S163F,,,,,,,,,,,,,,,,,,,,,,,,,,,,,,,,,,,,,,,,"(0.6621, 0.206, 69)",,,,,,,,,,,,,,,,,
NSP4_S336L,,,,,,,,,,,,,,,,,,,,,,,,,,,,,,,,,,,,,,,,,,,,,,,,,,,,,,,,,
NSP4_S386F,,,,,,,,,,,,,,,,,,,,,,,,,,,,,,,,,,,,,,,,,,,,,,,,,,,,,,,,,
NSP4_S395T,,,,,,,,,,,,,,,,,,,,,,,,,,,,,,,,,,,,,,,,,,,"(0.3471, 0.042, 34)","(0.1509, 0.0697, 63)","(0.3854, 0.0908, 111)","(0.1806, 0.1, 122)","(0.1826, 0.1309, 142)","(0.3581, 0.2047, 386)","(0.2039, 0.1968, 293)","(-0.1163, 0.1622, 448)","(-0.0047, 0.1949, 392)","(-0.0016, 0.1617, 303)","(0.0323, 0.208, 136)","(-0.0327, 0.1514, 63)","(-0.1701, 0.148, 70)",,
NSP4_S481L,,,,,,,,,,,,,,,,,,,,,,,,,,,,,,,,,,,,,,,,,,,,,,,,,"(0.2854, 0.0114, 17)","(0.1272, 0.0062, 17)","(-0.5939, 0.0035, 7)",,,,,,
NSP4_T114I,,,,,,,,,,,,,,,,,,,,,,,,,,,,,,,,,,,,,,,,,,,,,,"(0.1596, 0.0107, 13)","(0.5031, 0.0157, 17)","(-0.0024, 0.0106, 20)","(0.1088, 0.0195, 29)","(0.2573, 0.0177, 49)","(0.0229, 0.0204, 41)","(-0.035, 0.0165, 31)","(-0.1965, 0.0138, 9)","(0.2345, 0.0264, 11)","(0.3058, 0.0254, 12)",,
NSP4_T204I,,,,,,,,,,,,,,,,,,,,,,,,,,,,,,,,,,,,,,,,,,,,,,,,,,,,,,,,,
NSP4_T492I,,,,,,,,,,,,,,,,,,,,,,,,,,,,,,,,,,,,,,,,,,,,,,,"(-0.5902, 0.0111, 12)","(0.5083, 0.0249, 47)","(0.3163, 0.0208, 31)","(0.0429, 0.0272, 75)","(0.2641, 0.0353, 71)","(0.1594, 0.0374, 70)","(0.0964, 0.0428, 28)","(0.4601, 0.0938, 39)","(0.2442, 0.0698, 33)",,
NSP5_A191V,,,,,,,,,,,,,,,,,,,,,,,,,,,,,,,,,,,,,,,,,,,,,,,,,,,,,,,,,
NSP5_A193T,,,,,,,,,,,,,,,,,,,,,,,,,,,,,,,,,,,,,,,,,,,,,,,"(0.1262, 0.0074, 8)","(-0.0921, 0.0048, 9)","(-0.3021, 0.004, 6)","(-0.2496, 0.0029, 8)",,,,,,,
NSP5_A234V,,,,,,,,,,,,,,,,,,,,,,,,,,,,,,,,,,,,,,,,,,,,,,,,,,,,,,,,,
NSP5_D263G,,,,,,,,,,,,,,,,,,,,,,,,,,,,,,,,,,,,,,,,,,,,,,,,,,,,,,,,,
NSP5_E47K,,,,,,,,,,,,,,,,,,,,,,,,,,,,,,,,,,,,,,,,,,"(-0.8181, 0.011, 9)",,,,,,,,,"(0.0336, 0.0065, 13)","(-0.1526, 0.0043, 8)",,,,,
NSP5_G15S,,,,,,,,,,,,,,,,,,,,,,,,,,,,,,,,,,,,,,,,,,,,,,,,,,,,,,,,,
NSP5_K90R,,,,,,,,,,,,,,,,,,,,,,,,,,,,,,,,,,,,,,,,,"(-0.2586, 0.033, 22)","(-0.2491, 0.0417, 34)","(0.0586, 0.0371, 30)","(0.0656, 0.0476, 43)","(-0.1291, 0.0286, 35)","(-0.3826, 0.0221, 27)","(0.0595, 0.0323, 35)","(0.0802, 0.026, 49)","(-0.0216, 0.0309, 46)","(-0.0196, 0.025, 69)","(-0.1086, 0.0249, 50)","(0.1323, 0.0326, 61)","(0.0222, 0.026, 17)","(-0.1516, 0.024, 10)","(0.0649, 0.0296, 14)",,
NSP5_L89F,,,,,,,,,,,,,,,,,,,,,,,,"(0.0403, 0.0364, 18)","(-0.2615, 0.0315, 12)",,,,,,,"(-0.1965, 0.0333, 6)","(0.2462, 0.087, 18)","(0.1476, 0.0448, 6)","(-0.1101, 0.0698, 9)","(0.3071, 0.0828, 12)","(0.5298, 0.2013, 31)","(-0.2062, 0.0548, 8)","(-0.014, 0.1957, 46)","(0.9261, 0.3493, 117)","(0.155, 0.2669, 178)","(-0.1521, 0.2577, 210)","(-0.0965, 0.22, 178)","(0.2163, 0.3971, 359)","(0.0581, 0.2471, 302)","(-0.2137, 0.259, 316)","(-0.0059, 0.2442, 265)","(-0.0225, 0.2476, 467)","(-0.0979, 0.2008, 299)","(-0.1596, 0.1799, 497)","(-0.0687, 0.175, 352)","(-0.0123, 0.1756, 329)","(-0.0154, 0.1697, 111)","(-0.2311, 0.1106, 46)","(-0.0904, 0.1416, 67)",,
NSP5_M130I,,,,,,,,,,,,,,,,,,,,,,,,,,,,,,,,,,,,,,,,,,,,,,,,,,,,,,,,,
NSP5_M82I,,,,,,,,,,,,,,,,,,,,,,,,,,,,,,,,,,,,,,,,,,,,,,,,,,,,,,,,,
NSP5_P108S,,,,,,,,,,,,,,,,,,,,,,,,,,,,,,,,,,,,,,,,,,,,,,,,,,,,,,,,,
NSP5_P132S,,,,,,,,,,,,,,,,,,,,,,,,,,,,,,,,,,,,,,,,,,,,,,,,,,,"(-0.0732, 0.0035, 7)","(0.1939, 0.0043, 8)",,,,,
NSP5_T196M,,,,,,,,,,,,,,,,,,,,,,,,,,,,,,,,,,,,,,,,,,,,,"(-0.2062, 0.0074, 9)","(0.6548, 0.0246, 30)","(0.5703, 0.023, 25)","(0.0172, 0.0255, 48)","(0.0891, 0.0275, 41)","(0.3409, 0.0503, 139)","(0.2429, 0.0448, 90)","(0.0584, 0.0566, 106)","(0.06, 0.0505, 33)","(0.3769, 0.1202, 50)","(0.1914, 0.074, 35)",,
NSP5_T199I,,,,,,,,,,,,,,,,,,,,,,,,,,,,,,,,,,,,,,,,,,,,,,,,,,,,,,,,,
NSP6_A46V,,,,,,,,,,,,,,,,,,,,,,,,,,,,,,,,,,,,,,,,,,,,,,,,,,,,"(0.0501, 0.0048, 9)",,,,,
NSP6_A51V,,,,,,,,,,,,,,,,,,,,,,,,,,,,,,,,,,,,,,,,,,,,,,,,,,,,"(0.0501, 0.0032, 6)",,,,,
NSP6_C221F,,,,,,,,,,,,,,,,,,,,,,,,,,,,,,,,,,,,,,,,,,,,,,,"(0.0595, 0.0083, 9)","(-0.392, 0.0127, 24)","(0.1597, 0.0114, 17)","(0.379, 0.0272, 75)","(0.4967, 0.0308, 62)","(-0.108, 0.0219, 41)","(0.0203, 0.0321, 21)","(0.1783, 0.0312, 13)","(0.2075, 0.0486, 23)",,
NSP6_F108-,,,,,,,,,,,,,,,,,,,,,,,,,,,,,,,,,,,,,,,,,,,,,,,"(0.9003, 0.0396, 43)","(-0.1544, 0.0223, 42)","(-0.1583, 0.0289, 43)","(-0.5141, 0.008, 22)","(-0.1864, 0.0199, 40)","(0.6336, 0.0283, 53)","(0.3651, 0.0413, 27)","(0.4335, 0.0673, 28)","(0.4284, 0.0973, 46)",,
NSP6_F220L,,,,,,,,,,,,,,,,,,,,,,,,,,,,,,,,,,,,,,,,,,,,,,,"(0.0595, 0.0083, 9)","(-0.377, 0.0127, 24)","(0.1597, 0.0114, 17)","(0.3723, 0.0268, 74)","(0.4967, 0.0308, 62)","(-0.1013, 0.0219, 41)","(0.0203, 0.0321, 21)","(0.1783, 0.0312, 13)","(0.1853, 0.0465, 22)",,
NSP6_G107-,,,,,,,,,,,,,,,,,,,,,,,,,,,,,,,,,,,,,,,,,,,,,,,"(0.9003, 0.0396, 43)","(-0.1544, 0.0223, 42)","(-0.1583, 0.0289, 43)","(-0.5141, 0.008, 22)","(-0.1864, 0.0199, 40)","(0.6336, 0.0283, 53)","(0.3651, 0.0413, 27)","(0.4335, 0.0673, 28)","(0.4284, 0.0973, 46)",,
NSP6_I49V,,,,,,,,,,,,,,,,,,,,,,,,,,,,,,,,,,,,,,,,,,,,,,,,,,"(0.1152, 0.0214, 59)","(0.2923, 0.0313, 63)","(0.2106, 0.0326, 61)","(0.0791, 0.0367, 24)","(0.5026, 0.0889, 37)","(0.1824, 0.0529, 25)",,
NSP6_L125F,,,,,,,,,,,,,,,,,,,,,,,,,,,,,,,,,,,,,,,,,,,,,"(0.2374, 0.0139, 17)","(0.2606, 0.0205, 25)","(0.4483, 0.0341, 37)","(0.523, 0.0583, 110)","(0.1078, 0.0423, 63)","(-0.1862, 0.0402, 111)","(-0.0565, 0.0378, 76)","(-0.2802, 0.0229, 43)","(-0.036, 0.0352, 23)","(0.1144, 0.0288, 12)","(0.0109, 0.0359, 17)",,
NSP6_L167F,,,,,,,,,,,,,,,,,,,,,,,,,,,,,,,,,,,,,,,,,,,,,"(-0.4616, 0.0049, 6)",,,,,,,,,,,,
NSP6_L37F,,,,,,,,,,"(-0.7783, 0.0246, 10)","(-0.3954, 0.0313, 11)","(-0.0872, 0.0207, 6)",,,,,,,,,,,"(0.7676, 0.1498, 31)","(-0.1097, 0.0607, 30)","(-1.0491, 0.0184, 7)","(-0.0482, 0.0551, 15)",,,,,"(-0.0481, 0.0338, 7)",,,,,,,,,,,"(-0.0264, 0.0368, 30)","(0.2804, 0.042, 34)","(0.0253, 0.0387, 35)","(-0.1006, 0.0344, 42)","(-0.2796, 0.0221, 27)","(0.0827, 0.0406, 44)","(0.2291, 0.035, 66)","(-0.2186, 0.0262, 39)","(0.0318, 0.0373, 103)","(0.3001, 0.0477, 96)","(0.1265, 0.048, 90)","(-0.1315, 0.0367, 24)","(-0.4576, 0.0192, 8)","(-0.2281, 0.0233, 11)",,
NSP6_M92I,,,,,,,,,,,,,,,,,,,,,,,,,,,,,,,,,,,,,,,,,,,,,,,,,,,,,,,,,
NSP6_Q160R,,,,,,,,,,,,,,,,,,,,,,,,,,,,,,,,,,,,,,,,,,,,,,,,,,"(0.1326, 0.0076, 21)",,,,,,,
NSP6_Q208H,,,,,,,,,,,,,,,,,,,,,,,,,,"(0.7453, 0.0809, 22)",,,,,,,,,,,,,,,,,,,,,,,,,,,,,,,
NSP6_S106-,,,,,,,,,,,,,,,,,,,,,,,,,,,,,,,,,,,,,,,,,,,,,,,"(0.9003, 0.0396, 43)","(-0.1544, 0.0223, 42)","(-0.1583, 0.0289, 43)","(-0.5141, 0.008, 22)","(-0.1864, 0.0199, 40)","(0.6336, 0.0283, 53)","(0.3651, 0.0413, 27)","(0.4335, 0.0673, 28)","(0.4284, 0.0973, 46)",,
NSP6_S118L,,,,,,,,,,,,,,,,,,,,,,,,,,,,,,,,,,,,,,,,,,,,,,,,,,,,,,,,,
NSP6_T181I,,,,,,,,,,,,,,,,,,,,,,,,,,,,,,,,,,,,,,,,,,,,,,,,,,,,,,,,,
NSP6_T29I,,,,,,,,,,,,,,,,,,,,,,,,,,,,,,,,,,,,,,,,,,,,,,,,,,,,,,,,,
NSP6_V149F,,,,,,,,,,,,,,,,,,,,,,,,,,,,,,,,,,,,,,,,,,,,,,,,"(0.1288, 0.0085, 16)","(0.0627, 0.0094, 14)","(-0.3346, 0.0043, 12)","(-0.2273, 0.006, 12)","(0.1028, 0.0053, 10)","(0.2921, 0.0107, 7)",,,,
NSP6_V26G,,,,,,,,,,,,,,,,,,,,,,,,,,,,,,,,,,,,,,,,,,,,,,,"(0.0595, 0.0083, 9)","(-0.377, 0.0127, 24)","(0.1597, 0.0114, 17)","(0.3986, 0.0282, 78)","(0.4967, 0.0308, 62)","(-0.1276, 0.0219, 41)","(0.0203, 0.0321, 21)","(0.1783, 0.0312, 13)","(0.1853, 0.0465, 22)",,
NSP7_L17F,,,,,,,,,,,,,,,,,,,,,,,,,,,,,,,,,,,,,,,,,,,,,,,,,,,,,,,,,
NSP7_L71F,,,,,,,,,,,,,,,,,,,,,,,,,,,,,,,,,,,,,,,,,,,,,"(0.0968, 0.009, 11)",,,,,,,,,,,,
NSP7_S25L,,,,,,,,,,,,,"(-0.0472, 0.0259, 7)","(0.2586, 0.0347, 11)","(0.0993, 0.0316, 8)","(0.4527, 0.0858, 26)","(0.714, 0.1319, 36)","(-0.3101, 0.0462, 9)","(-0.3937, 0.06, 12)","(0.332, 0.0897, 13)","(0.089, 0.0717, 20)","(-0.3313, 0.0462, 11)","(-0.4527, 0.029, 6)","(-0.3216, 0.0243, 12)","(0.1531, 0.0394, 15)","(0.1545, 0.0331, 9)","(0.0951, 0.0476, 9)","(0.1781, 0.0472, 6)",,,,,,,,,,,,,,,,,,,,,,,,,,,,,
NSP7_S26F,,,,,,,,,,,,,,,,,,,,,,,,,,,,,,,,,,,,,,,,,,,,,,,,,,,,,,,,,
NSP8_I185V,,,,,,,,,,,,,,,,,,,,,,,,,,,,,,,,,,,,,,,,,,,,,,,,,,,,,,,,,
NSP8_P133S,,,,,,,,,,,,,,,,,,,,,,,,,,,,,,,,,,,,,,,,,,,,,,,,,,,,,,,,,
NSP8_Q24E,,,,,,,,,,,,,,,,,,,,,,,,,,,,,,,,,,,,,,,,,,,,,,,,,,,"(-0.1503, 0.0035, 7)",,,,,,
NSP8_R51C,,,,,,,,,,,,,,,,,,,,,,,,,,,,,,,,,,,,,,,,,,,,,,,,,,,,"(0.0169, 0.0213, 40)",,,,,
NSP8_T141M,,,,,,,,,,,,,,,,,,,,,,,,,,,,,,,,,,,,,,,,,,,,"(-0.0518, 0.0077, 7)","(0.193, 0.0164, 20)","(-0.0831, 0.0066, 8)",,,,,,,,,,,
NSP8_T145I,,,,,,,,,,,,,,,,,,,,,,,,,,,,,,,,,,,,,,,,,,"(0.038, 0.0515, 42)","(0.1651, 0.1001, 81)","(0.0738, 0.0597, 54)","(-0.4375, 0.0417, 51)","(-0.6722, 0.0156, 19)","(-0.664, 0.0111, 12)","(-0.0239, 0.0148, 28)","(0.3475, 0.0222, 33)","(-0.1086, 0.0119, 33)","(-0.4819, 0.0085, 17)","(-0.2718, 0.0069, 13)","(0.118, 0.0107, 7)",,,,
NSP9_I65V,,,,,,,,,,,,,,,,,,,,,,,,,,,,,,,,,,,,,,,,,"(-0.2418, 0.0525, 35)","(-0.1236, 0.0933, 76)","(0.2429, 0.0853, 69)","(0.0702, 0.1073, 97)","(0.2896, 0.1522, 186)","(0.4593, 0.2689, 328)","(0.2781, 0.2654, 288)","(-0.0295, 0.2534, 478)","(0.011, 0.2713, 404)","(0.272, 0.4366, 1206)","(0.2055, 0.4092, 823)","(0.0289, 0.4626, 867)","(0.0117, 0.419, 274)","(0.0364, 0.4976, 207)","(0.0831, 0.4947, 234)",,
NSP9_P57S,,,,,,,,,,,,,,,,,,,,,,,,,,,,,,,,,,,,,,,,,,,,,,,,,,,,,,,,,
NSP9_T18A,,,,,,,,,,,,,,,,,,,,,,,,,,,,,,,,,,,,,,,,,,,,,,,,,,,,,,,,,
NSP9_T19I,,,,,,,,,,,,,,,,,,,,,,,,,,,,,,,,,,,,,,,,,,,,,,,,,,,,,,,,,
NSP9_T35I,,,,,,,,,,,,,,,,,,,,,,,,,,,,,,,,,,,,,,,,,,,,,,,,,,"(0.0959, 0.0199, 55)","(0.2843, 0.0308, 62)","(0.2374, 0.032, 60)","(0.0436, 0.0336, 22)","(0.5242, 0.0913, 38)","(0.2259, 0.0529, 25)",,
N_T135I,,,,,,,,,,,,,,,,,,,,,,,,,,,,,,,,,,,,,,,,,,"(0.1959, 0.0663, 54)","(0.1433, 0.1038, 84)","(-0.1542, 0.0487, 44)","(-0.6888, 0.0262, 32)","(-0.7595, 0.0107, 13)","(-0.431, 0.0111, 12)","(0.2003, 0.0159, 30)","(0.3163, 0.0208, 31)","(-0.1585, 0.0116, 32)","(-0.481, 0.008, 16)","(-0.2565, 0.0069, 13)",,,,,
N_T205I,,,,,,,,,,,,,,,,,,,,,,,,,,,,,,,,,,,"(0.4574, 0.1085, 14)","(0.3416, 0.2069, 30)","(0.0898, 0.1299, 20)","(-0.6643, 0.0548, 8)","(-0.0255, 0.1234, 29)","(0.4256, 0.1284, 43)","(-0.175, 0.087, 58)","(0.1421, 0.1706, 139)","(0.2544, 0.1446, 117)","(0.2535, 0.2832, 256)","(0.2953, 0.261, 319)","(0.1602, 0.3902, 476)","(0.2168, 0.4028, 437)","(0.0883, 0.4655, 878)","(0.1078, 0.4997, 744)","(0.1358, 0.6108, 1687)","(0.0995, 0.6096, 1226)","(0.0228, 0.6393, 1198)","(0.014, 0.6269, 410)","(0.0039, 0.6442, 268)","(0.0157, 0.6469, 306)",,
N_T24I,,,,,,,,,,,,,,,,,,,,,,,,,,,,,,,,,,,,,,,,,,,,,,,,,,,,,,,,,
N_T366I,,,,,,,,,,,,,,,,,,,,,,,,,,,,,,,,,,,,,,,,,,,,,,,,,,,,,,,,,
N_T379I,,,,,,,,,,,,,,,,,,,,,,,,,,,,,,,,,,,,,,,,,,,,,,,,,,,,,,,,,
N_T391I,,,,,,,,,,,,,,,,,,,,,,,,,,,,,,,,,,,,,,,,,,"(0.2995, 0.0761, 62)","(0.1955, 0.1286, 104)","(-0.0939, 0.0631, 57)","(-0.5928, 0.0393, 48)","(-0.2571, 0.0377, 46)","(-0.1755, 0.0276, 30)","(-0.1376, 0.0286, 54)","(0.0445, 0.0302, 45)","(-0.4682, 0.0112, 31)","(-0.0064, 0.0298, 60)","(0.2957, 0.0203, 38)","(-0.3869, 0.0138, 9)","(0.1327, 0.0264, 11)",,,
N_V270L,,,,,,,,,,,,,,,,,,,,,,,,,,,,,,,,,,,,,,,,,,,,,,,,,,,,,,,,,
N_V72I,,,,,,,,,,,,,,,,,,,,,,,,,,,,,,,,,"(0.1257, 0.0435, 9)",,,,,,,,,,,,,,,,,,,,,,,,
Spike_A1078S,,,,,,,,,,,,,,,,,,,,,,,,,,,,,,,,,,,,,,,,,,,,,,,,,,,,,,,,,
Spike_A222V,,,,,,,,,,,,,,,,,,,,,,,,,,,,,,,,,,,,,,,,,,,,,,,,"(0.1002, 0.009, 17)","(-0.401, 0.0054, 8)","(0.0406, 0.0098, 27)","(0.6668, 0.0204, 41)","(0.2297, 0.0155, 29)","(-0.1965, 0.0138, 9)","(0.1086, 0.0192, 8)",,,
Spike_A475S,,,,,,,,,,,,,,,,,,,,,,,,,,,,,,,,,,,,,,,,,,,"(-0.4174, 0.0124, 10)",,,,,,,,,,,,,,
Spike_A520S,,,,,,,,,,,,,,,,,,,,,,,,,,,,,,,,,,,,,,,,,,,,,,,"(0.1506, 0.0111, 12)","(0.0135, 0.0143, 27)","(0.0972, 0.0134, 20)","(0.1072, 0.0177, 49)","(0.1436, 0.0179, 36)","(0.2237, 0.0277, 52)","(-0.1904, 0.0122, 8)","(-0.2501, 0.0168, 7)",,,
Spike_A570D,,,,,,,,,,,,,,,,,,,,,,,,,,,,,,,,,,,,,,,,,,,,,,,"(0.9671, 0.0396, 43)","(-0.2319, 0.0186, 35)","(-0.1821, 0.0275, 41)","(-0.5232, 0.0065, 18)","(-0.2016, 0.0184, 37)","(0.7147, 0.0272, 51)","(0.3656, 0.0382, 25)","(0.1062, 0.0337, 14)","(0.2696, 0.0655, 31)",,
Spike_A688V,,,,,,,,,,,,,,,,,,,,,,,,,,,,,,,,,,,,,,,,,,,,,,,,,,,,,,,,,
Spike_A701V,,,,,,,,,,,,,,,,,,,,,,,,,,,,,,,,,,,,,,,,,,,,,,,,,,,,,,,,,
Spike_A845S,,,,,,,,,,,,,,,,,,,,,,,,,,,,,,,,,,,,,,,,,,,,,,,,,,,,,,,,,
Spike_C1235F,,,,,,,,,,,,,,,,,,,,,,,,,,,,,,,,,,,,,,,,,,,,,,,,,,,,,,,,,
Spike_D1118H,,,,,,,,,,,,,,,,,,,,,,,,,,,,,,,,,,,,,,,,,,,,,,,"(1.0557, 0.0406, 44)","(-0.2178, 0.0186, 35)","(-0.1936, 0.0275, 41)","(-0.5232, 0.0065, 18)","(-0.2153, 0.0179, 36)","(0.7147, 0.0272, 51)","(0.3793, 0.0382, 25)","(0.1062, 0.0337, 14)","(0.2696, 0.0655, 31)",,
Spike_D1260Y,,,,,,,,,,,,,,,,,,,,,,,,,,,,,,,,,"(0.1257, 0.0435, 9)",,,,,,,,,,,,,,,,,,,,,,,,
Spike_D138Y,,,,,,,,,,,,,,,,,,,,,,,,,,,,,,,,,,,,,,,,,"(-0.3624, 0.0165, 11)","(-0.1695, 0.0319, 26)","(0.0908, 0.0198, 16)","(0.0197, 0.0332, 30)","(-0.0703, 0.0172, 21)","(-0.568, 0.0107, 13)","(0.2033, 0.0258, 28)","(0.2915, 0.0191, 36)","(-0.1764, 0.0181, 27)","(-0.0366, 0.0177, 49)","(-0.1145, 0.0144, 29)","(-0.1425, 0.0133, 25)","(-0.0823, 0.0122, 8)",,,,
Spike_D215Y,,,,,,,,,,,,,,,,,,,,,,,,,,,,,,,,,,,,,,,,,,"(-0.8181, 0.011, 9)",,,,,,,,,"(0.1677, 0.0085, 17)","(-0.1526, 0.0048, 9)",,,,,
Spike_D253G,,,,,,,,,,,,,,,,,,,,,,,,,,,,,,,,,,,,,,,,,,,,,,,,,,,,,,,,,
Spike_D614G,,,,,,,,,,"(0.373, 0.7291, 296)","(0.0739, 0.7521, 264)","(-0.0946, 0.6034, 175)","(0.0751, 0.8741, 236)","(0.2028, 0.9054, 287)","(0.0533, 0.9723, 246)","(0.0102, 0.9241, 280)","(0.0104, 0.9927, 271)","(0.0369, 0.9949, 194)","(0.0037, 1.0, 200)","(-0.0009, 0.9931, 144)","(-0.0, 1.0, 279)","(0.0035, 1.0, 238)","(0.0, 1.0, 207)","(-0.003, 0.9939, 491)","(-0.0013, 0.9974, 380)","(0.0012, 0.9963, 271)","(0.0013, 1.0, 189)","(-0.0021, 0.9921, 126)","(0.0, 1.0, 188)","(0.004, 1.0, 162)","(0.0, 1.0, 207)","(0.0, 1.0, 180)","(0.0, 1.0, 207)","(0.0, 1.0, 134)","(-0.0039, 0.9922, 128)","(-0.0069, 0.9862, 143)","(0.0006, 0.9935, 153)","(0.0035, 0.9932, 145)","(-0.0141, 0.966, 227)","(-0.0117, 0.9701, 325)","(0.0151, 0.9955, 664)","(0.0015, 0.973, 793)","(0.0004, 0.9963, 806)","(0.0126, 0.9978, 902)","(-0.0613, 0.8813, 1077)","(-0.0276, 0.9443, 1152)","(0.0585, 0.9908, 1075)","(0.0263, 0.9952, 1877)","(0.0019, 0.9946, 1481)","(-0.0033, 0.9888, 2731)","(-0.0028, 0.9891, 1989)","(0.0008, 0.9904, 1856)","(0.0047, 0.9985, 653)","(0.0048, 1.0, 416)","(0.0008, 1.0, 473)",,
Spike_D80Y,,,,,,,,,,,,,,,,,,,,,,,,,,,,,,,,,,,,,,,,,,,,,,,,,,,,,,,,,
Spike_D936Y,,,,,,,,,,,,,,,,,,,,,,,,,,,,,,,,,,,,,,,,,,,,,,,,,,,,,,,,,
Spike_E1202Q,,,,,,,,,,,,,,,,,,,,,,,,,,,,,,,,,,,,,,,,,,,,,,,,,,,,"(0.1939, 0.0037, 7)",,,,,
Spike_E484K,,,,,,,,,,,,,,,,,,,,,,,,,,,,,,,,,,,,,,,,,,,,,,,,,,,,,,"(1.008, 0.0361, 15)","(0.2391, 0.0444, 21)",,
Spike_E583D,,,,,,,,,,,,,,,,,,,,,,,,,,,,,,,,,,,,,,,,,,,,,,,,,,,,,,,,,
Spike_G257S,,,,,,,,,,,,,,,,,,,,,,,,,,,,,,,,,,,,,,,,,,,,,,,,,,,,"(0.0501, 0.0032, 6)",,,,,
Spike_G769V,,,,,,,,,,,,,,,,,,,,,,,,,,,,,,,,,,,,,,,,,,,,"(-0.1289, 0.0133, 12)","(-0.075, 0.0106, 13)","(-0.0383, 0.0123, 15)","(0.0965, 0.0129, 14)","(-0.074, 0.0106, 20)","(-0.1583, 0.0094, 14)","(-0.4897, 0.004, 11)",,,,,,,
Spike_H49Y,,,,,,,,,,,,,,,,,,,,,,,,,,,,,,,,,,,,,,,,,,,,,,,,,,,,,,,,,
Spike_H69-,,,,,,,,,,,,,,,,,,,,,,,,,,,,,,,,,,,,,,,,,,,,,,,"(0.9068, 0.0452, 49)","(-0.3393, 0.0212, 40)","(-0.1899, 0.0309, 46)","(-0.5129, 0.0076, 21)","(-0.2078, 0.0204, 41)","(0.6473, 0.0277, 52)","(0.3528, 0.0413, 27)","(0.1936, 0.0409, 17)","(0.2311, 0.0655, 31)",,
Spike_K1191N,,,,,,,,,,,,,,,,,,,,,,,,,,,,,,,,,,,,,,,,,,,"(-0.1736, 0.0074, 6)","(-0.4329, 0.0077, 7)","(0.0492, 0.0082, 10)",,,,"(-0.0144, 0.0081, 12)","(-0.1604, 0.0062, 17)","(-0.0387, 0.0075, 15)","(0.1314, 0.008, 15)","(0.2473, 0.0122, 8)",,,,
Spike_L18F,,,,,,,,,,,,,,,,,,,,,,,,,,,,,,,,,,,,,,,,,,,,,,,,,,"(-0.0904, 0.004, 11)","(-0.1503, 0.0045, 9)","(-0.0321, 0.0037, 7)",,,,,
Spike_L452R,,,,,,,,,,,,,,,,,,,,,,,,,,,,,,,,,,,,,,,,,"(-0.142, 0.0705, 47)","(0.1174, 0.1472, 120)","(0.2958, 0.1273, 103)","(0.092, 0.177, 160)","(0.3283, 0.2455, 300)","(0.3738, 0.3738, 456)","(0.2588, 0.412, 447)","(0.1126, 0.4682, 883)","(0.0938, 0.497, 740)","(0.1323, 0.6101, 1685)","(0.1054, 0.6136, 1234)","(0.0217, 0.6371, 1194)","(0.0131, 0.63, 412)","(0.0111, 0.6514, 271)","(0.0165, 0.6512, 308)",,
Spike_L54F,,,,,,,,,,,,,,,,,,,,,,,,,,,,,,,,,,,,,,,,,,,,,,,,,,"(-0.0469, 0.0029, 8)","(-0.2941, 0.003, 6)",,,,,,
Spike_L5F,,,,,,,,,,,,,,,,,,,,,,,,,,,,,,,,,,,,,,,,,,"(-0.175, 0.0147, 12)","(0.0874, 0.0161, 13)","(-0.143, 0.0111, 10)","(-0.1024, 0.0131, 16)","(-0.0587, 0.0098, 12)","(-0.431, 0.0055, 6)","(0.3029, 0.018, 34)","(0.6941, 0.0222, 33)","(0.0217, 0.0188, 52)","(0.0474, 0.0244, 49)","(0.1216, 0.024, 45)","(0.2448, 0.0398, 26)","(0.4587, 0.0601, 25)","(0.1007, 0.0486, 23)",,
Spike_L938F,,,,,,,,,,,,,,,,,,,,,,,,,,,,,,,,,,,,,,,,,,,,,,,,,,"(-0.1703, 0.0091, 25)","(-0.4156, 0.005, 10)","(-0.2166, 0.0059, 11)",,,,,
Spike_M153I,,,,,,,,,,,,,,,,,,,,,,,,,,,,,,,,,,,,,,,,,,,,,,,,,,,,,,,,,
Spike_N501Y,,,,,,,,,,,,,,,,,,,,,,,,,,,,,,,,,,,,,,,,,,,,,,,"(0.9671, 0.0396, 43)","(-0.1544, 0.0223, 42)","(-0.1583, 0.0289, 43)","(-0.5617, 0.0072, 20)","(-0.1864, 0.0199, 40)","(0.6812, 0.0283, 53)","(0.3462, 0.0398, 26)","(0.087, 0.0337, 14)","(0.2812, 0.0698, 33)",,
Spike_P1263L,,,,,,,,,,,,,,,,,,,,,,,,,,,,,,,,,,,,,,,,,,,,,,,,,,,,,,,,,
Spike_P251S,,,,,,,,,,,,,,,,,,,,,,,,,,,,,,,,,,,,,,,,,,,,,,"(-0.5735, 0.0074, 9)",,,,,,,,,,,
Spike_P26S,,,,,,,,,,,,,,,,,,,,,,,,,,,,,,,,,,,,,,,,,"(-0.2788, 0.0195, 13)","(-0.2418, 0.0221, 18)","(0.0073, 0.0198, 16)","(-0.143, 0.0166, 15)","(0.1852, 0.0286, 35)","(0.5833, 0.0533, 65)","(0.0595, 0.0323, 35)","(-0.2923, 0.0297, 56)","(0.236, 0.0517, 77)","(0.379, 0.0634, 175)","(-0.095, 0.0428, 86)","(-0.1441, 0.0475, 89)","(-0.0365, 0.0398, 26)","(-0.2093, 0.0312, 13)","(0.162, 0.055, 26)",,
Spike_P330S,,,,,,,,,,,,,,,,,,,,,,,,,,,,,,,,,,,,,,,,,,,,,,,,,,,,,,,,,
Spike_P681H,,,,,,,,,,,,,,,,,,,,,,,,,,,,,,,"(-0.4615, 0.0338, 7)",,,,,,,,,,,,"(0.2901, 0.0321, 26)","(0.2577, 0.0144, 13)","(-0.1692, 0.0229, 28)","(0.6231, 0.05, 61)","(0.5317, 0.0664, 72)","(0.0293, 0.053, 100)","(-0.0694, 0.0578, 86)","(-0.1209, 0.0416, 115)","(0.0525, 0.0641, 129)","(0.2887, 0.0742, 139)","(0.1533, 0.0872, 57)","(0.3325, 0.1442, 60)","(0.1877, 0.1268, 60)",,
Spike_P681R,,,,,,,,,,,,,,,,,,,,,,,,,,,,,,,,,,,,,,,,,,,,,,,"(0.2433, 0.012, 13)","(-0.1062, 0.008, 15)","(-0.1212, 0.0094, 14)","(-0.3458, 0.004, 11)","(-0.5739, 0.003, 6)","(0.3145, 0.0075, 14)",,,,,
Spike_P812L,,,,,,,,,,,,,,,,,,,,,,,,,,,,,,,,,,,,,,,,,,,,,,,,,,,,,,,,,
Spike_Q321Z,,,,,,,,,,,,,,,,,,,,,,,,,,,,,,,,,,,,,,,,,,,,,,,,,,,,,,,,,
Spike_Q675H,,,,,,,,,,,,,,,,,,,,,,,,,,,,,,,,,,,,,,,,,,,"(0.2319, 0.0334, 27)","(-0.8176, 0.0088, 8)","(-0.5717, 0.0106, 13)","(0.2826, 0.0156, 19)","(0.0965, 0.0129, 14)","(0.1544, 0.0212, 40)","(0.1316, 0.0168, 25)","(-0.2869, 0.0119, 33)","(-0.0936, 0.0139, 28)","(0.1939, 0.0176, 33)","(-0.0058, 0.0138, 9)",,,,
Spike_Q677H,,,,,,,,,,,,,,,,,,,,,,,,,,,,,,,,,,,,,,,,,,,"(0.4528, 0.0222, 18)","(0.1223, 0.0188, 17)","(-0.2974, 0.0123, 15)","(-0.0442, 0.0172, 21)","(0.2277, 0.0194, 21)","(0.0654, 0.0196, 37)","(0.0201, 0.0201, 30)","(-0.0929, 0.0163, 45)","(-0.0191, 0.0194, 39)","(0.0235, 0.0171, 32)","(-0.1188, 0.0153, 10)",,,,
Spike_Q677P,,,,,,,,,,,,,,,,,,,,,,,,,,,,,,,,,,,,,,,,,,,,,,,,,,"(0.0555, 0.0065, 18)",,,,,,,
Spike_S1252F,,,,,,,,,,,,,,,,,,,,,,,,,,,,,,,,,,,,,,,,,,,,,,,"(0.2945, 0.0147, 16)","(-0.0151, 0.008, 15)","(-0.0723, 0.0128, 19)","(-0.1585, 0.0058, 16)","(-0.1773, 0.009, 18)","(0.2799, 0.0101, 19)","(0.2677, 0.0153, 10)",,,,
Spike_S13I,,,,,,,,,,,,,,,,,,,,,,,,,,,,,,,,,,,,,,,,,"(-0.2007, 0.057, 38)","(0.0835, 0.1129, 92)","(0.3563, 0.1162, 94)","(0.1287, 0.146, 132)","(0.2624, 0.1964, 240)","(0.3762, 0.3098, 378)","(0.2552, 0.3272, 355)","(0.0555, 0.3462, 653)","(0.1124, 0.4097, 610)","(0.2204, 0.538, 1486)","(0.158, 0.5619, 1130)","(-0.0557, 0.4813, 902)","(-0.1597, 0.4083, 267)","(-0.0184, 0.4639, 193)","(0.1024, 0.5011, 237)",,
Spike_S221L,,,,,,,,,,,,,,,,,,,,,,,,,,,,,,,,,,,,,,,,,,,,,,,,,,,,,,,,,
Spike_S254F,,,,,,,,,,,,,,,,,,,,,,,,,,,,,,,,,,,,,,,,,,,,,,,"(0.1121, 0.0092, 10)","(-0.309, 0.0053, 10)","(-0.0271, 0.0087, 13)","(0.0443, 0.0058, 16)",,,,,,,
Spike_S477N,,,,,,,,,,,,,,,,,,,,,,,,,,,,,,,,,,,,,,,,,,,,,,,,,,"(0.0787, 0.0043, 12)",,,,,,,
Spike_S494P,,,,,,,,,,,,,,,,,,,,,,,,,,,,,,,,,,,,,,,,,,,,,,,,,,,,,,,,,
Spike_S640F,,,,,,,,,,,,,,,,,,,,,,,,,,,,,,,,,,,,,,,,,,,,,,,,,,,,,,,,,
Spike_S939F,,,,,,,,,,,,,,,,,,,,,,,,,,,,,,,,,,,,,,,,,,,,,,,,,"(-0.2586, 0.006, 9)","(-0.4784, 0.0033, 9)","(0.0707, 0.007, 14)","(0.5932, 0.0107, 20)",,,,,
Spike_S982A,,,,,,,,,,,,,,,,,,,,,,,,,,,,,,,,,,,,,,,,,,,,,,,,"(-0.2319, 0.0186, 35)","(-0.1821, 0.0275, 41)","(-0.5232, 0.0065, 18)","(-0.2153, 0.0179, 36)","(0.7147, 0.0272, 51)","(0.3793, 0.0382, 25)","(0.1062, 0.0337, 14)","(0.2696, 0.0655, 31)",,
Spike_T20I,,,,,,,,,,,,,,,,,,,,,,,,,,,,,,,,,,,,,,,,,,,,,,,,,,,,"(-0.0642, 0.0197, 37)",,,,,
Spike_T22I,,,,,,,,,,,,,,,,,,,,,,,,,,,,,,,,,,,,,,,,,,,,,,,,,,,,,,,,,
Spike_T307I,,,,,,,,,,,,,,,,,,,,,,,,,,,,,,,,,,,,,,,,,,,,,,,,,,,,,,,,,
Spike_T478K,,,,,,,,,,,,,,,,,,,,,,,,,,,,,,,,,,,,,,,,,,,,,,,,,,"(0.1471, 0.0206, 57)","(0.3039, 0.0308, 62)","(0.2112, 0.0315, 59)","(0.0436, 0.0336, 22)","(0.5193, 0.0889, 37)","(0.2259, 0.0529, 25)",,
Spike_T716I,,,,,,,,,,,,,,,,,,,,,,,,,,,,,,,,,,,,,,,,,,,,,,,"(0.9671, 0.0396, 43)","(-0.1908, 0.0201, 38)","(-0.1355, 0.0302, 45)","(-0.4873, 0.0076, 21)","(-0.2218, 0.0194, 39)","(0.6376, 0.0272, 51)","(0.3393, 0.0382, 25)","(0.1062, 0.0337, 14)","(0.2854, 0.0677, 32)",,
Spike_T732A,,,,,,,,,,,,,,,,,,,,,,,,,,,,,,,,,,,,,,,,,,,"(-0.1837, 0.026, 21)","(0.1909, 0.0288, 26)","(0.4562, 0.0646, 79)","(-0.2112, 0.0189, 23)","(-0.5797, 0.0203, 22)","(0.3732, 0.0398, 75)","(0.2999, 0.0369, 55)","(-0.0273, 0.0377, 104)","(0.0114, 0.0378, 76)","(0.0305, 0.04, 75)","(0.0624, 0.0428, 28)","(0.3993, 0.0889, 37)","(0.1965, 0.0634, 30)",,
Spike_T747I,,,,,,,,,,,,,,,,,,,,,,,,,,,,,,,,,,,,,,,,,,,,,,,,,,,,,,,,,
Spike_T859I,,,,,,,,,,,,,,,,,,,,,,,,,,,,,,,,,,,,,,,,,,,,,,,,,,,,,,,,,
Spike_T95I,,,,,,,,,,,,,,,,,,,,,,,,,,,,,,,,,,,,,,,,,,,"(-0.3142, 0.0136, 11)",,,,,,,,,"(0.4634, 0.0064, 12)","(0.6387, 0.0107, 7)","(0.9267, 0.0409, 17)","(0.4715, 0.0275, 13)",,
Spike_V1176F,,,,,,,,,,,,,,,,,,,,,,,,,,,,,,,,,,,,,,,,,,,,,,,,,,,,,,,,,
Spike_V1228L,,,,,,,,,,,,,,,,,,,,,,,,,,,,,,,,,,,,,,,,,,,,,,,,"(-0.8674, 0.0032, 6)",,,,,,,,,
Spike_V382L,,,,,,,,,,,,,,,,,,,,,,,,,,,,,,,,,,,,"(0.5688, 0.1862, 27)","(-0.0451, 0.0779, 12)","(-0.7555, 0.0411, 6)",,,,,,,,,,,,,,,,,,,
Spike_V622I,,,,,,,,,,,,,,,,,,,,,,,,,,,,,,,,,,,,,,,,,,,,,,,,,,,,"(-0.0321, 0.0037, 7)",,,,,
Spike_V6F,,,,,,,,,,,,,,,,,,,,,,,,,,,,,,,,,,,,,,,,,,,,,,,,,,,,,,,,,
Spike_V70-,,,,,,,,,,,,,,,,,,,,,,,,,,,,,,,,,,,,,,,,,,,,,,,"(0.9068, 0.0452, 49)","(-0.3393, 0.0212, 40)","(-0.1899, 0.0309, 46)","(-0.5129, 0.0076, 21)","(-0.2078, 0.0204, 41)","(0.6473, 0.0277, 52)","(0.3528, 0.0413, 27)","(0.1936, 0.0409, 17)","(0.2311, 0.0655, 31)",,
Spike_W152C,,,,,,,,,,,,,,,,,,,,,,,,,,,,,,,,,,,,,,,,,"(-0.142, 0.0705, 47)","(0.1004, 0.1387, 113)","(0.2958, 0.1273, 103)","(0.1126, 0.1737, 157)","(0.3182, 0.2406, 294)","(0.3699, 0.3639, 444)","(0.2425, 0.3908, 424)","(0.1081, 0.4517, 852)","(0.0967, 0.4741, 706)","(0.14, 0.5978, 1651)","(0.1154, 0.5972, 1201)","(0.0196, 0.6217, 1165)","(0.0169, 0.6177, 404)","(0.0178, 0.6442, 268)","(0.0149, 0.6364, 301)",,
Spike_W258L,,,,,,,,,,,,,,,,,,,,,,,,,,,,,,,,,,,,,,,,,,,,,,,"(0.6292, 0.023, 25)","(0.0782, 0.0249, 47)","(0.0241, 0.0242, 36)","(0.2159, 0.0384, 106)","(0.3296, 0.0467, 94)","(0.0406, 0.0416, 78)","(0.007, 0.0474, 31)","(0.2579, 0.0697, 29)","(0.1111, 0.0592, 28)",,
Spike_Y144-,,,,,,,,,,,,,,,,,,,,,,,,,,,,,,,,,,,,,,,,,,,,,,,"(0.9786, 0.0406, 44)","(-0.1492, 0.0207, 39)","(-0.1698, 0.0289, 43)","(-0.4131, 0.0091, 25)","(-0.1275, 0.0224, 45)","(0.5882, 0.0293, 55)","(0.3244, 0.0428, 28)","(0.1352, 0.0385, 16)","(0.2288, 0.0677, 32)",,
