change,2020-01-24|31,2020-02-01|07,2020-02-08|15,2020-02-16|23,2020-02-24|31,2020-03-01|07,2020-03-08|15,2020-03-16|23,2020-03-24|31,2020-04-01|07,2020-04-08|15,2020-04-16|23,2020-04-24|31,2020-05-01|07,2020-05-08|15,2020-05-16|23,2020-05-24|31,2020-06-01|07,2020-06-08|15,2020-06-16|23,2020-06-24|31,2020-07-01|07,2020-07-08|15,2020-07-16|23,2020-07-24|31,2020-08-01|07,2020-08-08|15,2020-08-16|23,2020-08-24|31,2020-09-01|07,2020-09-08|15,2020-09-16|23,2020-09-24|31,2020-10-01|07,2020-10-08|15,2020-10-16|23,2020-10-24|31,2020-11-01|07,2020-11-08|15,2020-11-16|23,2020-11-24|31,2020-12-01|07,2020-12-08|15,2020-12-16|23,2020-12-24|31,2021-01-01|07,2021-01-08|15,2021-01-16|23,2021-01-24|31,2021-02-01|07,2021-02-08|15,2021-02-16|23,2021-02-24|31,2021-03-01|07,2021-03-08|15,2021-03-16|23
E_P71L,,,,,,,,,,,,,,,,,,,,,,,,,,,,,,,,,,,,,,,,,,,,,,,,,,,,"(0.0762, 0.0201)","(0.336, 0.0284)",,,
M_V70L,,,,,,,,,,,,,,,,,,,,,,,,,,,,,,,,,,,,,,,,,,,,,,,,,,,,"(0.1737, 0.0224)",,,,
N_A220V,,,,,,,,,,,,,,,,,,,,,,,,,,,,,,"(0.2995, 0.3767)","(0.1821, 0.3008)",,,,,"(0.1207, 0.3691)","(0.0209, 0.3213)","(-0.0687, 0.3026)","(-0.1317, 0.2428)","(-0.0963, 0.2508)","(-0.0605, 0.2446)","(-0.0039, 0.2417)","(0.0314, 0.2796)","(0.0494, 0.2747)","(0.0508, 0.288)","(0.0175, 0.2918)","(0.0139, 0.2865)","(-0.0389, 0.2545)","(-0.1381, 0.1915)","(-0.1921, 0.1661)","(-0.3456, 0.0844)","(-0.462, 0.0515)","(-0.5288, 0.0336)",,,
N_A376T,,,,,,,,,,,,,,,,,,,,,,,,,,,,,,,,,,,,"(-0.0629, 0.2149)","(0.0912, 0.2921)","(0.1606, 0.3464)","(0.1549, 0.3403)","(-0.0161, 0.2785)","(-0.0628, 0.3004)","(-0.0339, 0.2963)","(0.0402, 0.3199)","(-0.0286, 0.2662)","(-0.0799, 0.2413)","(-0.0346, 0.2945)","(0.0179, 0.2644)","(0.0084, 0.2573)","(-0.1713, 0.1679)","(-0.1524, 0.1834)","(-0.1804, 0.1369)","(-0.128, 0.1208)","(-0.2709, 0.0775)","(-0.3132, 0.0559)",,
N_D377Y,,,,,,,,,,,,,,,,,,,,,,,,,,,,,,,,,,,,,,,,,,,,,,,,,,"(0.0953, 0.0146)",,,,,,
N_D3L,,,,,,,,,,,,,,,,,,,,,,,,,,,,,,,,,,,,,,,,,,,,,,,"(0.5927, 0.0846)","(0.268, 0.093)","(0.3985, 0.2306)","(0.5241, 0.3586)","(0.5397, 0.4853)","(0.3152, 0.5962)","(0.1837, 0.6176)","(0.1422, 0.7706)","(0.1627, 0.9524)",
N_G204P,,,,,,,,,,,,,,,,,,,,,,,,,,,,,,,,,,,,,,,,,,,,,,,,,,,,"(0.4807, 0.0414)",,,,
N_G204R,,,,,,,,"(-0.5644, 0.1468)","(-0.0732, 0.1511)","(0.2218, 0.2183)",,,,,,,,,,,,"(0.0381, 0.8406)","(0.0307, 0.802)","(-0.0183, 0.7727)","(-0.0127, 0.8158)","(-0.1445, 0.4865)","(-0.2478, 0.402)","(-0.2579, 0.368)","(-0.1809, 0.2741)","(-0.3105, 0.1575)","(-0.2104, 0.2195)",,,,,"(0.0393, 0.2314)","(-0.0577, 0.164)","(-0.1066, 0.1649)","(-0.0848, 0.1741)","(0.0529, 0.1922)","(0.1147, 0.2339)","(-0.0249, 0.1501)","(-0.1955, 0.1161)","(-0.1538, 0.1526)","(0.0453, 0.1593)","(0.1279, 0.1753)","(0.057, 0.1788)","(0.0503, 0.1872)","(0.2049, 0.3419)","(0.3309, 0.4407)","(0.3434, 0.5403)","(0.1988, 0.6197)","(0.1548, 0.7054)","(0.1372, 0.8176)","(0.1412, 0.9444)",
N_M234I,,,,,,,,,,,,,,,,,,,,,,,,,,,,,,,,,,,,"(-0.0699, 0.2066)","(0.0998, 0.3011)","(0.1803, 0.3495)","(0.1783, 0.3562)","(-0.0286, 0.272)","(-0.066, 0.3069)","(-0.0354, 0.3041)","(0.0587, 0.3318)","(-0.0166, 0.2821)","(-0.0806, 0.2453)","(-0.0461, 0.298)","(0.015, 0.2779)","(0.0335, 0.2808)","(-0.1202, 0.1989)","(-0.1404, 0.1953)","(-0.1591, 0.1663)","(-0.1443, 0.1298)","(-0.2644, 0.0879)","(-0.3361, 0.0618)",,
N_P199L,,,,,,,,,,,,,,,,,,,,,,,,,,,,,,,,,,,,,,,"(0.0852, 0.0447)","(0.1365, 0.0814)","(0.128, 0.0494)","(0.0202, 0.0565)","(-0.0941, 0.0569)","(0.026, 0.0537)","(0.0252, 0.0627)","(0.0259, 0.0589)","(-0.064, 0.0443)","(-0.1554, 0.0411)","(-0.1691, 0.0344)","(-0.1724, 0.0265)","(-0.1147, 0.0306)","(-0.2939, 0.0123)",,,,
N_P199S,,,,,,,,,,,,,,,,,,,,,,,,,,"(0.191, 0.2432)","(-0.1869, 0.1275)","(-0.5047, 0.088)","(-0.3308, 0.0914)",,,,,,,,"(-0.0704, 0.0831)","(-0.0528, 0.0953)","(-0.1316, 0.0815)","(0.0916, 0.1189)","(0.0548, 0.1009)","(-0.045, 0.0741)","(-0.3222, 0.045)","(-0.2065, 0.0598)","(-0.1771, 0.0373)","(-0.0661, 0.0423)","(-0.164, 0.0332)","(-0.0206, 0.0378)","(0.0095, 0.0418)","(0.0067, 0.0328)","(-0.2409, 0.0183)","(-0.3991, 0.0134)",,,,
N_P365S,,,,,,,,,,,,,,,,,,,,,,,,,,,,,,,,,,,,,,,"(-0.3152, 0.0224)","(-0.308, 0.0326)",,,,,,,,"(-0.1211, 0.0175)","(-0.1355, 0.0128)","(-0.0179, 0.0137)",,,,,,
N_P383S,,,,,,,,,,,,,,,,,,,,,,,,,,,,,,,,,,,,,,,,,,,,,,,,"(-0.2351, 0.006)",,,,,,,,
N_Q380L,,,,,,,,,,,,,,,,,,,,,,,,,,,,,,,,,,,,,,,,,,,,,,,,,,,,,,,,
N_R195I,,,,,,,,,,,,,,,,,,,,,,,,,,,,,,,,,,,,,,,,,,,,,,,,,"(-0.1779, 0.0074)",,,,,,,
N_R203K,,,,,,,,"(-0.5644, 0.1468)","(-0.0732, 0.1511)","(0.2218, 0.2183)",,,,,,,,,,,,"(0.0381, 0.8406)","(0.0344, 0.8119)","(-0.0171, 0.7727)","(-0.0139, 0.8158)","(-0.132, 0.5135)","(-0.2212, 0.4314)","(-0.2498, 0.376)","(-0.1966, 0.2792)","(-0.332, 0.1575)","(-0.2078, 0.2276)",,,,,"(0.0519, 0.2397)","(-0.0821, 0.164)","(-0.117, 0.1755)","(-0.073, 0.1837)","(0.0621, 0.1987)","(0.1022, 0.2403)","(-0.0416, 0.1501)","(-0.1904, 0.1232)","(-0.1488, 0.1563)","(0.0491, 0.1633)","(0.1172, 0.1795)","(0.0597, 0.1848)","(0.0499, 0.191)","(0.2048, 0.3513)","(0.3356, 0.4617)","(0.3564, 0.5721)","(0.2111, 0.6611)","(0.1524, 0.7313)","(0.133, 0.8618)","(0.1334, 0.9762)",
N_R32H,,,,,,,,,,,,,,,,,,,,,,,,,,,,,,,,,,,,,,,,,,,,,,"(0.0008, 0.0236)","(-0.1102, 0.0141)","(-0.3672, 0.0093)","(-0.3159, 0.0094)",,,,,,,
N_R385K,,,,,,,,,,,,,,,,,,,,,,,,,,,,,,,,,,,,,,,,,,,,,,,,"(-0.2422, 0.006)",,,,,,,,
N_S187L,,,,,,,,,,,,,,,,,,,,,,,,,,,,,,,,,,,,,,,,,,,,,,,,,,,,,,,,
N_S194L,,,,,,,,,,,,,,,,,,,,,,,,,,,,,,,,,,,,,,"(0.2079, 0.0454)","(0.0009, 0.0623)","(0.118, 0.0749)","(0.0017, 0.0429)","(-0.0747, 0.0585)","(-0.2134, 0.0332)","(-0.0495, 0.044)","(-0.1405, 0.0333)","(-0.053, 0.0305)","(-0.0169, 0.0428)","(0.1409, 0.0476)","(0.0025, 0.0297)","(0.0315, 0.0557)","(0.0555, 0.0465)","(0.0564, 0.038)",,,,
N_S235F,,,,,,,,,,,,,,,,,,,,,,,,,,,,,,,,,,,,,,,,,,,,,,,"(0.6168, 0.0957)","(0.3691, 0.1144)","(0.3855, 0.2218)","(0.4672, 0.3641)","(0.492, 0.5)","(0.3339, 0.6074)","(0.2201, 0.7106)","(0.1622, 0.8147)","(0.1486, 0.9524)",
NS3_A72S,,,,,,,,,,,,,,,,,,,,,,,,,,,,,,,,,,,,,,,,,,,,,,,,"(-0.0977, 0.0131)","(-0.0687, 0.0142)",,,,,,,
NS3_D155Y,,,,,,,,,,,,,,,,,,,,,,,,,,,,,,,,,,,,,,,,,,,,,,,,,,,,,,,,
NS3_D27Y,,,,,,,,,,,,,,,,,,,,,,,,,,,,,,,,,,,,,,,,,,,,,,,,,,,,,,,,
NS3_E239D,,,,,,,,,,,,,,,,,,,,,,,,,,,,,,,,,,,,,,,,,,,,,,,,"(-0.0224, 0.0104)","(0.0517, 0.0128)","(0.0613, 0.0109)",,,,,,
NS3_G172R,,,,,,,,,,,,,,,,,,,,,,,,,,,,,,,,,,,,,,,"(-0.0202, 0.0351)","(0.1536, 0.057)",,,,,,,"(0.1604, 0.0317)","(-0.087, 0.0274)","(-0.1526, 0.0249)","(-0.0964, 0.0237)","(-0.0705, 0.022)",,,,,
NS3_G174V,,,,,,,,,,,,,,,,,,,,,,,,,,,,,,,,,,,,,,,,,,,,,,,,,,,,,,,,
NS3_G224C,,,,,,,,,,,,,,,,,,,,,,,,,,,,,,,,,,,,,,,,,,,,,,,,"(0.2688, 0.0301)","(0.0889, 0.0263)","(-0.2299, 0.01)",,,,,,
NS3_I63T,,,,,,,,,,,,,,,,,,,,,,,,,,,,,,,,,,,,,,,,,,,,,,,,,,,,,,,,
NS3_K16N,,,,,,,,,,,,,,,,,,,,,,,,,,,,,,,,,,,,,,,,,,,,,,,,,,"(0.2232, 0.0255)","(0.1884, 0.0171)","(0.0602, 0.0179)",,,,
NS3_Q185H,,,,,,,,,,,,,,,,,,,,,,,,,,,,,,,,,,,,,,,,,,,,,,"(0.0097, 0.0305)","(-0.0884, 0.0317)","(0.0004, 0.0356)","(0.1468, 0.0479)","(0.0048, 0.0292)","(0.0534, 0.0501)","(-0.1596, 0.0235)",,,,
NS3_Q38R,,,,,,,,,,,,,,,,,,,,,,,,,,,,,,,,,,,,,,,"(0.0772, 0.0447)","(0.1504, 0.0831)","(0.154, 0.0494)","(-0.0146, 0.0507)","(-0.111, 0.0569)","(0.023, 0.0513)","(0.0335, 0.0587)","(0.0168, 0.0575)","(-0.0634, 0.0418)","(-0.211, 0.0323)","(-0.2244, 0.0297)","(-0.167, 0.0246)","(-0.0351, 0.0306)","(-0.2425, 0.0123)",,,,
NS3_Q57H,,,,,,,,,,"(0.1241, 0.1048)",,,,,,,,,,,,,,,,,,,,"(0.0897, 0.2808)","(0.079, 0.2927)",,,,,"(-0.0257, 0.2645)","(0.0908, 0.3303)","(0.1399, 0.3797)","(0.134, 0.3946)","(0.0099, 0.3371)","(-0.0633, 0.324)","(-0.0653, 0.3216)","(-0.0143, 0.3223)","(-0.013, 0.3101)","(-0.07, 0.258)","(-0.0263, 0.3139)","(0.0182, 0.3087)","(0.061, 0.318)","(-0.0717, 0.2448)","(-0.1157, 0.229)","(-0.1581, 0.1919)","(-0.1391, 0.1633)","(-0.2129, 0.1189)","(-0.3446, 0.0676)",,
NS3_S166L,,,,,,,,,,,,,,,,,,,,,,,,,,,,,,,,,,,,,,,,,,,,,,,,"(0.0022, 0.0071)","(0.2108, 0.027)",,,,,,,
NS3_S171L,,,,,,,,,,,,,,,,,,,,,,,,,,,,,,,,,,,,,,,,,,,,,,,,,,"(0.3777, 0.0173)","(0.3362, 0.0232)","(0.0643, 0.0235)",,,,
NS3_T151I,,,,,,,,,,,,,,,,,,,,,,,,,,,,,,,,,,,,,,,,,,,,,,"(0.0658, 0.0284)","(0.2033, 0.0257)","(0.0746, 0.0345)","(-0.0095, 0.0249)","(0.0497, 0.0338)","(-0.1217, 0.0208)","(-0.0966, 0.0213)",,,,
NS3_T175I,,,,,,,,,,,,,,,,,,,,,,,,,,,,,,,,,,,,,,,,,,,,,,,,,"(-0.0722, 0.0074)",,,,,,,
NS3_T268M,,,,,,,,,,,,,,,,,,,,,,,,,,,,,,,,,,,,,,,,,,,,,,,,,,,,,"(0.628, 0.0982)","(0.2791, 0.0412)",,
NS3_V202L,,,,,,,,,,,,,,,,,,,,,,,,,,,,,,,,,,,,,,,"(0.1461, 0.0591)","(0.1622, 0.0863)","(0.1828, 0.0687)","(0.0115, 0.0663)","(-0.0332, 0.0782)","(-0.031, 0.0586)","(-0.004, 0.072)","(-0.0248, 0.0672)","(-0.0585, 0.0493)","(-0.2245, 0.0378)","(-0.2398, 0.033)","(-0.1803, 0.0283)","(-0.079, 0.0306)","(-0.2886, 0.0123)",,,,
NS3_V50I,,,,,,,,,,,,,,,,,,,,,,,,,,,,,,,,,,,,,,,,,,,,,,,"(-0.1009, 0.0106)","(-0.1175, 0.0066)",,,,,,,,
NS3_W131C,,,,,,,,,,,,,,,,,,,,,,,,,,,,,,,,,,,,,,,,,,,,,,,,,,,,,,,,
NS3_Y264H,,,,,,,,,,,,,,,,,,,,,,,,,,,,,,,,,,,,,,,,,,,,,,,,,,,,,,,,
NS7a_H47Y,,,,,,,,,,,,,,,,,,,,,,,,,,,,,,,,,,,,,,,,,,,,,,,,,,,,,,,,
NS7a_P84S,,,,,,,,,,,,,,,,,,,,,,,,,,,,,,,,,,,,,,,,,,,,,,,,,,,"(0.5868, 0.0465)","(0.3896, 0.0626)","(0.2249, 0.0594)","(0.2581, 0.1118)","(0.3567, 0.1667)",
NS7a_T14I,,,,,,,,,,,,,,,,,,,,,,,,,,,,,,,,,,,,"(-0.2093, 0.0826)","(0.0271, 0.0966)","(0.2307, 0.1649)","(0.2481, 0.1581)","(0.1037, 0.1384)","(-0.0926, 0.1266)","(-0.0169, 0.154)","(0.0276, 0.1422)","(-0.0572, 0.1074)","(-0.1936, 0.0887)","(-0.1233, 0.1005)","(0.0244, 0.1118)","(0.0553, 0.1029)","(-0.134, 0.0661)","(-0.2253, 0.0611)","(-0.2887, 0.0403)","(-0.0523, 0.0638)","(0.01, 0.0543)","(0.0483, 0.05)",,
NS7b_C41F,,,,,,,,,,,,,,,,,,,,,,,,,,,,,,,,,,,,,,,,,,,,,,,,"(0.1901, 0.0361)","(0.0184, 0.0209)","(-0.0398, 0.0265)","(-0.1605, 0.0196)","(-0.0252, 0.0213)",,,,
NS8_E64*,,,,,,,,,,,,,,,,,,,,,,,,,,,,,,,,,,,,,,,,,,,,,,"(-0.3647, 0.0083)","(-0.3019, 0.0096)","(-0.1121, 0.0109)","(0.2595, 0.0189)",,,,,,,
NS8_H17Y,,,,,,,,,,,,,,,,,,,,,,,,,,,,,,,,,,,,,,,,,,,,,,,"(-0.0561, 0.0126)","(-0.1316, 0.0126)","(-0.3378, 0.0074)",,,,,,,
NS8_K68*,,,,,,,,,,,,,,,,,,,,,,,,,,,,,,,,,,,,,,,,,,,,,,,,"(0.4115, 0.0241)","(0.4841, 0.0742)","(0.4834, 0.0867)","(0.4844, 0.1149)","(0.2392, 0.1499)","(0.268, 0.1938)","(0.2369, 0.2324)","(0.1468, 0.2302)",
NS8_P30L,,,,,,,,,,,,,,,,,,,,,,,,,,,,,,,,,,,,,,,,,,,,"(0.3362, 0.0549)","(0.0436, 0.0427)","(-0.1307, 0.0534)","(0.0655, 0.0634)","(0.1865, 0.075)","(-0.0765, 0.0391)","(-0.2544, 0.0338)",,,,,,
NS8_Q27*,,,,,,,,,,,,,,,,,,,,,,,,,,,,,,,,,,,,,,,,,,,,,,,"(0.6324, 0.0952)","(0.3602, 0.1182)","(0.4118, 0.234)","(0.476, 0.3704)","(0.48, 0.5024)","(0.3183, 0.6107)","(0.2149, 0.7106)","(0.1623, 0.8206)","(0.1477, 0.9524)",
NS8_R52I,,,,,,,,,,,,,,,,,,,,,,,,,,,,,,,,,,,,,,,,,,,,,,,"(0.662, 0.0982)","(0.4084, 0.1188)","(0.3946, 0.2326)","(0.4648, 0.3695)","(0.4775, 0.5)","(0.3192, 0.6096)","(0.2138, 0.7054)","(0.1632, 0.8206)","(0.149, 0.9524)",
NS8_S24L,,,,,,,,,,,,,,,,,,,,,,,,,,,,,,,,,,,,,,,,"(0.0001, 0.0586)","(-0.0786, 0.0451)","(0.2163, 0.0897)","(0.1728, 0.0829)","(0.031, 0.0513)","(-0.2804, 0.0413)","(-0.2287, 0.0416)","(0.0851, 0.068)","(0.2256, 0.0744)","(-0.0145, 0.0384)","(-0.5676, 0.0128)","(-0.5974, 0.0147)","(-0.1339, 0.0235)",,,,
NS8_V62L,,,,,,,,,,,,,,,,,,,,,,,,,,,,,,,,,,,,,,,,,,,,,,,"(-0.4041, 0.0065)",,,,,,,,,
NS8_Y111F,,,,,,,,,,,,,,,,,,,,,,,,,,,,,,,,,,,,,,,,,,,,,,,"(-0.2013, 0.006)","(-0.1517, 0.0066)",,,,,,,,
NS8_Y73C,,,,,,,,,,,,,,,,,,,,,,,,,,,,,,,,,,,,,,,,,,,,,,,"(0.6319, 0.0947)","(0.3663, 0.116)","(0.4161, 0.2333)","(0.4777, 0.3686)","(0.4869, 0.5049)","(0.3218, 0.6141)","(0.2165, 0.7106)","(0.1592, 0.8176)","(0.1457, 0.9524)",
NSP12_A185S,,,,,,,,,,,,,,,,,,,,,,,,,,,,,,,,,,,,"(-0.0669, 0.2149)","(0.0849, 0.2944)","(0.1678, 0.351)","(0.1652, 0.3514)","(-0.0183, 0.2769)","(-0.0705, 0.3004)","(-0.0411, 0.2982)","(0.0426, 0.3199)","(-0.0212, 0.2735)","(-0.0784, 0.242)","(-0.0471, 0.2848)","(0.0106, 0.2684)","(0.0333, 0.2759)","(-0.1101, 0.1955)","(-0.1427, 0.187)","(-0.2119, 0.1381)","(-0.1693, 0.123)","(-0.2758, 0.0775)","(-0.3177, 0.0559)",,
NSP12_P227L,,,,,,,,,,,,,,,,,,,,,,,,,,,,,,,,,,,,,,,,,,,,,,,,,"(0.3056, 0.0276)","(0.3541, 0.0429)","(0.4109, 0.0428)","(0.2757, 0.0694)","(0.4388, 0.1576)","(0.3278, 0.0971)",,
NSP12_P323L,,,,,,,,"(-0.0088, 0.9511)","(-0.0009, 0.9556)","(0.0059, 0.9432)","(0.0067, 0.9767)","(0.0171, 1.0)","(0.002, 0.942)","(-0.0196, 0.9333)","(-0.0009, 1.0)","(0.0248, 1.0)",,,,,"(0.0068, 0.9574)","(0.0164, 0.9855)","(0.0206, 0.9901)","(0.0101, 0.9886)","(-0.0079, 0.9605)","(-0.0081, 0.973)","(-0.0104, 0.951)","(-0.01, 0.936)","(-0.0026, 0.9695)","(0.0165, 0.9932)","(0.0198, 0.9919)","(0.0092, 1.0)","(-0.0038, 0.9781)","(-0.0145, 0.9521)","(-0.0067, 0.9869)","(0.0102, 1.0)","(0.014, 0.9933)","(-0.0008, 0.9864)","(-0.0085, 0.9744)","(-0.0184, 0.9381)","(-0.0224, 0.927)","(-0.0066, 0.9571)","(0.0188, 0.9882)","(0.0027, 0.9255)","(-0.0103, 0.9453)","(-0.0084, 0.9543)","(0.009, 0.9507)","(-0.0002, 0.9458)","(-0.0027, 0.9474)","(0.0062, 0.9699)","(0.0082, 0.9645)","(0.0109, 0.9843)","(0.0081, 0.9897)","(0.0087, 0.9912)","(0.0001, 0.9841)",
NSP12_S325I,,,,,,,,,,,,,,,,,,,,,,,,,,,,,,,,,,,,,,,,,,,,,,,"(-0.1513, 0.0116)","(-0.4588, 0.0066)","(-0.3757, 0.0074)",,,,,,,
NSP12_T803N,,,,,,,,,,,,,,,,,,,,,,,,,,,,,,,,,,,,,,,,,,,,,,,,,"(0.0781, 0.0115)","(0.2121, 0.0192)",,,,,,
NSP12_V720I,,,,,,,,,,,,,,,,,,,,,,,,,,,,,,,,,,,,,,,,,,,,,"(-0.0482, 0.0787)","(-0.2798, 0.0575)","(-0.225, 0.0448)","(-0.1555, 0.0509)","(0.0544, 0.0661)","(0.0129, 0.0429)","(-0.0267, 0.0538)","(-0.1908, 0.0324)",,,,
NSP12_V776L,,,,,,,,,,,,,,,,,,,,,,,,,,,,,,,,,,,,"(-0.0789, 0.2149)","(0.0787, 0.2966)","(0.1723, 0.3525)","(0.1635, 0.3498)","(-0.0197, 0.2785)","(-0.0644, 0.3069)","(-0.0522, 0.2846)","(0.0181, 0.3033)","(-0.0282, 0.2735)","(-0.0849, 0.222)","(-0.0354, 0.289)","(0.0213, 0.2689)","(0.0513, 0.2698)","(-0.1046, 0.2036)","(-0.152, 0.1779)","(-0.2117, 0.1394)","(-0.1756, 0.123)","(-0.2617, 0.0775)","(-0.3204, 0.0559)",,
NSP13_A598S,,,,,,,,,,,,,,,,,,,,,,,,,,,,,,,,,,,,,,,,,,,,,"(-0.0556, 0.0787)","(-0.2762, 0.0582)","(-0.2171, 0.0458)","(-0.1419, 0.0531)","(0.0466, 0.0647)","(-0.0131, 0.0411)","(-0.0349, 0.055)","(-0.178, 0.0324)",,,,
NSP13_E261D,,,,,,,,,,,,,,,,,,,,,,,,,,,,,,,,,,,,"(-0.0827, 0.2149)","(0.0729, 0.2989)","(0.1782, 0.3555)","(0.1663, 0.353)","(-0.0184, 0.2818)","(-0.0646, 0.309)","(-0.0534, 0.2865)","(0.0192, 0.3081)","(-0.0254, 0.2772)","(-0.0722, 0.2333)","(-0.0342, 0.2911)","(0.0158, 0.2714)","(0.0329, 0.2666)","(-0.105, 0.2063)","(-0.1358, 0.188)","(-0.1961, 0.143)","(-0.1563, 0.1342)","(-0.2091, 0.0956)","(-0.3005, 0.0588)",,
NSP13_H290Y,,,,,,,,,,,,,,,,,,,,,,,,,,,,,,,,,,,,,,,,"(-0.0128, 0.0261)","(0.075, 0.0322)","(0.3149, 0.0936)","(0.6207, 0.1445)","(0.3839, 0.1001)","(-0.0269, 0.0967)","(-0.2271, 0.0686)","(-0.2287, 0.0524)","(-0.161, 0.0619)","(0.056, 0.0782)","(0.0466, 0.0566)","(-0.0129, 0.066)","(-0.1168, 0.0503)","(-0.1612, 0.0362)",,,
NSP13_K218R,,,,,,,,,,,,,,,,,,,,,,,,,,,,,,,,,,,,"(-0.0827, 0.2149)","(0.0729, 0.2989)","(0.1769, 0.354)","(0.1645, 0.3514)","(-0.0219, 0.2785)","(-0.0661, 0.3069)","(-0.0515, 0.2865)","(0.0234, 0.3081)","(-0.0233, 0.2772)","(-0.0705, 0.2347)","(-0.0344, 0.2904)","(0.015, 0.2714)","(0.0296, 0.2649)","(-0.1069, 0.205)","(-0.1432, 0.1834)","(-0.2012, 0.1406)","(-0.1825, 0.1219)","(-0.2726, 0.0775)","(-0.3221, 0.0559)",,
NSP13_K460R,,,,,,,,,,,,,,,,,,,,,,,,,,,,,,,,,,,,,,,,,,,,,,,,"(0.1806, 0.0181)","(0.4732, 0.058)","(0.6786, 0.0885)","(0.6445, 0.1345)","(0.3106, 0.1421)","(0.1686, 0.1525)","(0.1217, 0.1971)","(0.1137, 0.1905)",
NSP13_P53L,,,,,,,,,,,,,,,,,,,,,,,,,,,,,,,,,,,,,,,,,,,,,"(0.1586, 0.0353)","(0.0009, 0.0298)","(-0.0888, 0.0317)","(-0.0059, 0.0339)","(0.136, 0.0459)","(0.0234, 0.031)","(0.0779, 0.0501)","(-0.0773, 0.0302)",,,,
NSP13_T255I,,,,,,,,,,,,,,,,,,,,,,,,,,,,,,,,,,,,,,,,,,,,,,,,,,,,,,,,
NSP13_T431I,,,,,,,,,,,,,,,,,,,,,,,,,,,,,,,,,,,,,,,,,,,,,,,"(-0.1307, 0.0101)","(-0.3622, 0.0077)",,,,,,,,
NSP13_T588I,,,,,,,,,,,,,,,,,,,,,,,,,,,,,,,,,,,,,,,,,,,,,,,,,,,,,,,,
NSP13_V187L,,,,,,,,,,,,,,,,,,,,,,,,,,,,,,,,,,,,,,,,,"(0.0385, 0.0343)",,,,,"(-0.0553, 0.0208)","(0.0961, 0.0272)","(-0.2163, 0.0142)","(-0.21, 0.0128)",,,,,,,
NSP13_V348L,,,,,,,,,,,,,,,,,,,,,,,,,,,,,,,,,,,,,,"(-0.2739, 0.0318)","(-0.3303, 0.0224)",,,,,,,,,,,,,,,,,
NSP14_E453D,,,,,,,,,,,,,,,,,,,,,,,,,,,,,,,,,,,,,,,,,,,,,,"(0.0485, 0.0291)","(0.0377, 0.0312)","(0.0357, 0.0345)","(0.1373, 0.0445)","(-0.0139, 0.0274)","(0.0328, 0.0452)","(-0.1561, 0.0224)",,,,
NSP14_I15T,,,,,,,,,,,,,,,,,,,,,,,,,,,,,,,,,,,,,,,,"(0.0064, 0.0293)",,,,,,,"(0.0207, 0.0368)","(0.0854, 0.0285)","(-0.2491, 0.0135)",,,,,,,
NSP14_M49I,,,,,,,,,,,,,,,,,,,,,,,,,,,,,,,,,,,,,,"(-0.4751, 0.0166)","(-0.509, 0.0272)",,,,,,,,,,,,,,,,,
NSP14_N489S,,,,,,,,,,,,,,,,,,,,,,,,,,,,,,,,,,,,,,,,,,,,,,,,,,,,,,,,
NSP14_P203L,,,,,,,,,,,,,,,,,,,,,,,,,,,,,,,,,,,,,,,,,,,,,,,,,"(0.2992, 0.0209)","(0.2797, 0.0128)",,,,,,
NSP14_P451S,,,,,,,,,,,,,,,,,,,,,,,,,,,,,,,,,,,,,,,,,,,,,,,,,,,,"(0.5189, 0.0414)","(0.6142, 0.1266)","(0.4275, 0.0735)",,
NSP14_P46L,,,,,,,,,,,,,,,,,,,,,,,,,,,,,,,,,,,,,,,,,,,,,,"(-0.0115, 0.0284)","(-0.1101, 0.0302)","(-0.0021, 0.035)","(0.1494, 0.0445)","(0.0319, 0.031)","(0.0564, 0.0477)","(-0.1634, 0.0224)",,,,
NSP14_V115F,,,,,,,,,,,,,,,,,,,,,,,,,,,,,,,,,,,,,,,,,,,,,,,,"(-0.0331, 0.0115)","(0.0671, 0.0128)","(0.0675, 0.0109)",,,,,,
NSP14_V181I,,,,,,,,,,,,,,,,,,,,,,,,,,,,,,,,,,,,,,,,,,,,,,,,,"(-0.0567, 0.0074)",,,,,,,
NSP14_Y420*,,,,,,,,,,,,,,,,,,,,,,,,,,,,,,,,,,,,,,,,,,,,,,,,,,,,,,,,
NSP15_E228K,,,,,,,,,,,,,,,,,,,,,,,,,,,,,,,,,,,,,,"(-0.1825, 0.0197)",,,,,,,,,,,,,,,,,,
NSP15_I222S,,,,,,,,,,,,,,,,,,,,,,,,,,,,,,,,,,,,,,"(-0.3236, 0.0287)","(-0.3334, 0.0224)",,,,,,,,,,,,,,,,,
NSP15_T33I,,,,,,,,,,,,,,,,,,,,,,,,,,,,,,,,,,,,,,,,,,,,,,,"(-0.1346, 0.0121)",,,,,,,,,
NSP15_V38F,,,,,,,,,,,,,,,,,,,,,,,,,,,,,,,,,,,,,,,,,,,,,,,,,,,,,,,,
NSP16_K160R,,,,,,,,,,,,,,,,,,,,,,,,,,,,,,,,,,,,,,,,,,,,,,,,,,,,,,,,
NSP16_M270I,,,,,,,,,,,,,,,,,,,,,,,,,,,,,,,,,,,,"(-0.1834, 0.0771)","(-0.1415, 0.0831)","(0.0534, 0.1135)","(0.0701, 0.0879)","(-0.0914, 0.0668)","(-0.2522, 0.0536)","(-0.0503, 0.0799)","(0.0485, 0.0687)","(0.0296, 0.0623)","(0.0409, 0.0947)","(0.0503, 0.0707)","(-0.0644, 0.0554)","(-0.1494, 0.0624)","(-0.1092, 0.0472)","(-0.1931, 0.0319)","(-0.4995, 0.0134)",,,,,
NSP16_T56I,,,,,,,,,,,,,,,,,,,,,,,,,,,,,,,,,,,,,,,,,,,,,,,,,,,,,,,,
NSP2_D144G,,,,,,,,,,,,,,,,,,,,,,,,,,,,,,,,,,,,,"(-0.1217, 0.0742)","(-0.1414, 0.0756)","(-0.215, 0.0655)","(-0.0179, 0.0733)","(0.0091, 0.0751)","(-0.2201, 0.0312)",,,,,"(-0.272, 0.0116)","(-0.2576, 0.0104)",,,,,,,,
NSP2_L550F,,,,,,,,,,,,,,,,,,,,,,,,,,,,,,,,,,,,,,,,,,,,,,,,"(0.4036, 0.0301)","(0.2176, 0.0472)","(0.2435, 0.0703)","(0.3445, 0.0831)","(0.2339, 0.0973)","(0.1082, 0.0956)","(0.1241, 0.1265)","(0.2167, 0.1825)",
NSP2_Q182L,,,,,,,,,,,,,,,,,,,,,,,,,,,,,,,,,,,,,,,,,,,,,,,,,,,,,,,,
NSP2_T634I,,,,,,,,,,,,,,,,,,,,,,,,,,,,,,,,,,,,,,,,,,,,,,,,,,,,,,,,
NSP2_T85I,,,,,,,,,,"(0.1109, 0.0961)",,,,,,,,,,,,,,,,,,,,,,,,,,,,,,,,,,,,,,,,"(0.0433, 0.0109)","(-0.0328, 0.0171)","(-0.0201, 0.019)","(0.2967, 0.0284)",,,
NSP3_A1279V,,,,,,,,,,,,,,,,,,,,,,,,,,,,,,,,,,,,,,,,,,,,,,,,"(-0.2749, 0.0066)","(0.2001, 0.0249)",,,,,,,
NSP3_A1305V,,,,,,,,,,,,,,,,,,,,,,,,,,,,,,,,,,,,,,,,,,,,,,,,,,,,,,,,
NSP3_A890D,,,,,,,,,,,,,,,,,,,,,,,,,,,,,,,,,,,,,,,,,,,,,,,"(0.6384, 0.0962)","(0.373, 0.116)","(0.4093, 0.2293)","(0.4659, 0.3622)","(0.4847, 0.5012)","(0.3242, 0.6063)","(0.219, 0.7054)","(0.1587, 0.8088)","(0.1467, 0.9444)",
NSP3_D1121N,,,,,,,,,,,,,,,,,,,,,,,,,,,,,,,,,,,,,,,,,,,,,,,,,,,,,,,,
NSP3_E324G,,,,,,,,,,,,,,,,,,,,,,,,,,,,,,,,,,,,,,,,,,,,,,,"(-0.2121, 0.006)","(-0.106, 0.0071)",,,,,,,,
NSP3_H295Y,,,,,,,,,,,,,,,,,,,,,,,,,,,,,,,,,,,,,,,"(-0.0133, 0.0335)","(0.12, 0.0814)","(0.1516, 0.0429)","(0.0711, 0.0526)","(-0.0873, 0.0569)","(0.0539, 0.0501)","(0.0094, 0.0567)","(0.0194, 0.0582)","(-0.0551, 0.0413)","(-0.1882, 0.0339)","(-0.1717, 0.0351)","(-0.0825, 0.031)","(-0.0559, 0.0293)","(-0.3197, 0.0123)",,,,
NSP3_I1412T,,,,,,,,,,,,,,,,,,,,,,,,,,,,,,,,,,,,,,,,,,,,,,,"(0.637, 0.0952)","(0.3714, 0.1138)","(0.4067, 0.2279)","(0.4719, 0.3641)","(0.4878, 0.4951)","(0.3237, 0.6051)","(0.2196, 0.708)","(0.1651, 0.8147)","(0.1501, 0.9524)",
NSP3_I1683T,,,,,,,,,,,,,,,,,,,,,,,,,,,,,,,,,,,,,,,,"(-0.0194, 0.0244)","(0.0573, 0.03)","(0.2958, 0.0799)","(0.6361, 0.1469)","(0.4183, 0.0989)","(0.0091, 0.094)","(-0.2397, 0.0672)","(-0.2301, 0.0514)","(-0.1774, 0.0569)","(0.0532, 0.0775)","(0.055, 0.0557)","(-0.0059, 0.0623)","(-0.1183, 0.0503)","(-0.1106, 0.0413)",,,
NSP3_I580V,,,,,,,,,,,,,,,,,,,,,,,,,,,,,,,,,,,,,,,,,,,,,,,,,,,,,,,,
NSP3_K1077N,,,,,,,,,,,,,,,,,,,,,,,,,,,,,,,,,,,,,,,,,,,,,,,,,,,,,,,,
NSP3_K384N,,,,,,,,,,,,,,,,,,,,,,,,,,,,,,,,,,,,,,,,,,,,,,,"(-0.1526, 0.0086)","(-0.1081, 0.0153)","(-0.1397, 0.0115)","(0.0688, 0.0119)",,,,,,
NSP3_K837N,,,,,,,,,,,,,,,,,,,,,,,,,,,,,,,,,,,,,,,,,,,,,,,,,,,"(0.2951, 0.0171)","(0.0027, 0.0168)","(0.1979, 0.0284)",,,
NSP3_P141S,,,,,,,,,,,,,,,,,,,,,,,,,,,,,,,,,,,,,,,,,,,,,,,,"(0.1259, 0.0142)","(-0.1707, 0.0094)",,,,,,,
NSP3_P340L,,,,,,,,,,,,,,,,,,,,,,,,,,,,,,,,,,,,,"(-0.1321, 0.0742)","(-0.1008, 0.0817)","(-0.2147, 0.0639)","(-0.0281, 0.0733)","(-0.0031, 0.0773)","(-0.1917, 0.0331)",,,,,"(-0.2811, 0.0116)","(-0.2587, 0.0109)",,,,,,,,
NSP3_P874S,,,,,,,,,,,,,,,,,,,,,,,,,,,,,,,,,,,,,,,,,,,,,,,,,,,,,,,,
NSP3_S699F,,,,,,,,,,,,,,,,,,,,,,,,,,,,,,,,,,,,,,,,,,,,,,,,,,,,,,,,
NSP3_T1036I,,,,,,,,,,,,,,,,,,,,,,,,,,,,,,,,,,,,,,,,,,,,,,,,,,,,,,,,
NSP3_T1063I,,,,,,,,,,,,,,,,,,,,,,,,,,,,,,,,,,,,,,,,,,,,,,,,,,"(0.2175, 0.0119)","(0.1228, 0.0147)","(0.3006, 0.0291)",,,,
NSP3_T183I,,,,,,,,,,,,,,,,,,,,,,,,,,,,,,,,,,,,,,,,,,,,,,,"(0.6351, 0.0957)","(0.3659, 0.1155)","(0.4102, 0.2299)","(0.4743, 0.3695)","(0.4893, 0.5037)","(0.3202, 0.6029)","(0.212, 0.7054)","(0.1611, 0.8176)","(0.1519, 0.9524)",
NSP3_T428I,,,,,,,,,,,,,,,,,,,,,,,,,,,,,,,,,,,,,,,,,,,,,,,,,"(0.2181, 0.0189)",,,,,,,
NSP3_T819I,,,,,,,,,,,,,,,,,,,,,,,,,,,,,,,,,,,,,,,,,,,,,"(0.2215, 0.042)","(-0.0153, 0.034)","(-0.2187, 0.0272)","(-0.1221, 0.0301)","(0.0577, 0.0398)","(-0.0371, 0.0219)","(-0.0802, 0.0281)","(-0.2547, 0.0157)",,,,
NSP4_A380V,,,,,,,,,,,,,,,,,,,,,,,,,,,,,,,,,,,,,,,,,,,,,,"(-0.2223, 0.0132)","(-0.0368, 0.0141)","(0.0591, 0.0159)","(0.2036, 0.0249)",,,,,,,
NSP4_D279N,,,,,,,,,,,,,,,,,,,,,,,,,,,,,,,,,,,,,,,,,,,,,,,,,,,,,,,,
NSP4_M324I,,,,,,,,,,,,,,,,,,,,,,,,,,,,,,,,,,,,"(-0.0555, 0.2149)","(0.0921, 0.2921)","(0.167, 0.351)","(0.1659, 0.3514)","(-0.009, 0.2834)","(-0.0703, 0.2983)","(-0.0729, 0.271)","(0.0223, 0.3152)","(-0.0082, 0.2759)","(-0.0573, 0.234)","(-0.0418, 0.2897)","(0.0152, 0.2704)","(0.0437, 0.277)","(-0.1043, 0.203)","(-0.1461, 0.1843)","(-0.2131, 0.1406)","(-0.1745, 0.1242)","(-0.2722, 0.0775)","(-0.3239, 0.0559)",,
NSP4_S218F,,,,,,,,,,,,,,,,,,,,,,,,,,,,,,,,,,,,,,,,,,,,,,,,,,,,,,,,
NSP4_T492I,,,,,,,,,,,,,,,,,,,,,,,,,,,,,,,,,,,,,,,,,,,,,,,,"(0.1665, 0.0159)","(-0.1676, 0.0094)",,,,,,,
NSP5_G15S,,,,,,,,,,,,,,,,,,,,,,,,,,,,,,,,,,,,,,,,,,,,,,,,,"(0.2271, 0.0189)",,,,,,,
NSP5_G71S,,,,,,,,,,,,,,,,,,,,,,,,,,,,,,,,,,,,,,,,,,,,,,,"(-0.2105, 0.0116)",,,,,,,,,
NSP5_K90R,,,,,,,,,,,,,,,,,,,,,,,,,,,,,,,,,,,,,,,,,,,,,,,"(-0.0334, 0.0131)","(0.0221, 0.0115)","(0.1995, 0.0324)","(0.2178, 0.0192)","(0.2159, 0.0281)","(0.039, 0.0324)","(0.453, 0.0827)","(0.2481, 0.0471)",,
NSP5_P108S,,,,,,,,,,,,,,,,,,,,,,,,,,,,,,,,,,,,,,,,,,,,,,,,,,,"(0.4675, 0.0391)","(0.3574, 0.0604)","(0.3462, 0.0801)","(0.3269, 0.1059)","(0.3463, 0.1746)",
NSP6_A136V,,,,,,,,,,,,,,,,,,,,,,,,,,,,,,,,,,,,,,,,,,,,,,,,"(-0.1121, 0.0071)",,,,,,,,
NSP6_A54S,,,,,,,,,,,,,,,,,,,,,,,,,,,,,,,,,,,,,,,,,"(0.2306, 0.0429)","(0.3677, 0.0507)","(0.364, 0.0829)","(0.1667, 0.0635)","(-0.0515, 0.0467)","(-0.1163, 0.0624)","(0.0539, 0.069)","(0.1589, 0.0766)","(-0.1295, 0.0391)","(-0.3252, 0.0292)",,,,,,
NSP6_F108-,,,,,,,,,,,,,,,,,,,,,,,,,,,,,,,,,,,,,,,,,,,,,,,"(0.5947, 0.1062)","(0.3393, 0.1045)","(0.2476, 0.1463)","(0.2803, 0.2418)","(0.3732, 0.3068)","(0.4436, 0.5928)","(0.4213, 0.7907)","(0.3303, 0.8382)","(0.1555, 0.9762)",
NSP6_F108L,,,,,,,,,,,,,,,,,,,,,,,,,,,,,,,,,,,,,,,,,,,,,,,,,,,"(0.7289, 0.2421)","(-0.1446, 0.0638)",,,,
NSP6_G107-,,,,,,,,,,,,,,,,,,,,,,,,,,,,,,,,,,,,,,,,,,,,,,,"(0.5961, 0.1067)","(0.3429, 0.1056)","(0.2482, 0.1463)","(0.279, 0.2427)","(0.3705, 0.3068)","(0.4443, 0.5951)","(0.4206, 0.7907)","(0.3299, 0.8382)","(0.1543, 0.9762)",
NSP6_G135S,,,,,,,,,,,,,,,,,,,,,,,,,,,,,,,,,,,,,,,,,,,,,,,,,,,,,,,,
NSP6_I49V,,,,,,,,,,,,,,,,,,,,,,,,,,,,,,,,,,,,,,,,,,,,,,,,"(0.182, 0.0159)","(-0.1847, 0.0088)",,,,,,,
NSP6_L37F,,,,,,,,,,,,,,,,,,,,,,,,,,,,,,,,,,,,,,,,,,,"(0.0466, 0.0308)","(-0.2839, 0.022)","(-0.3033, 0.0167)","(-0.1456, 0.0208)","(0.0443, 0.0237)","(0.254, 0.0372)","(-0.0059, 0.0175)","(-0.0746, 0.0237)","(-0.2251, 0.0159)","(0.0477, 0.0235)",,,,
NSP6_P198L,,,,,,,,,,,,,,,,,,,,,,,,,,,,,,,,,,,,,,,,,,,,,,,,,,"(0.3237, 0.0265)","(0.3198, 0.0208)","(0.1037, 0.0268)","(0.0732, 0.031)",,,
NSP6_S106-,,,,,,,,,,,,,,,,,,,,,,,,,,,,,,,,,,,,,,,,,,,,,,,"(0.5961, 0.1067)","(0.3429, 0.1056)","(0.2482, 0.1463)","(0.279, 0.2427)","(0.3705, 0.3068)","(0.4443, 0.5951)","(0.4206, 0.7907)","(0.3299, 0.8382)","(0.1543, 0.9762)",
NSP6_V24I,,,,,,,,,,,,,,,,,,,,,,,,,,,,,,,,,,,,,,,,,,,,,,,,"(0.1689, 0.0241)","(-0.0791, 0.0142)","(-0.1764, 0.0137)",,,,,,
NSP7_M3I,,,,,,,,,,,,,,,,,,,,,,,,,,,,,,,,,,,,,,,,,,,,,,,,,,,,,,,,
NSP8_A74V,,,,,,,,,,,,,,,,,,,,,,,,,,,,,,,,,,,,,,,,,,,,,,,,,,,,,,,,
NSP8_P10S,,,,,,,,,,,,,,,,,,,,,,,,,,,,,,,,,,,,,,,,,,,,,,,,,,,,,,,,
NSP8_R51L,,,,,,,,,,,,,,,,,,,,,,,,,,,,,,,,,,,,,,,,,,,,,,,,,,,,,,,,
NSP8_T123I,,,,,,,,,,,,,,,,,,,,,,,,,,,,,,,,,,,,,,,,,,,,,,,,"(-0.1353, 0.0066)","(-0.2483, 0.0094)","(0.1975, 0.0155)",,,,,,
NSP9_M101I,,,,,,,,,,,,,,,,,,,,,,,,,,,,,,,,,,,,,,,,,,,,,"(-0.0553, 0.0807)","(-0.2737, 0.0582)","(-0.223, 0.0453)","(-0.1632, 0.0509)","(0.0466, 0.0654)","(-0.0113, 0.0401)","(-0.0125, 0.0575)","(-0.1745, 0.0324)",,,,
NSP9_T35I,,,,,,,,,,,,,,,,,,,,,,,,,,,,,,,,,,,,,,,,,,,,,,,,,"(0.1344, 0.0196)",,,,,,,
N_T205I,,,,,,,,,,,,,,,,,,,,,,,,,,,,,,,,,,,,,,,,,,,,,,,,,,"(0.1888, 0.0201)","(0.2507, 0.0391)","(0.2186, 0.0503)","(0.4591, 0.0853)",,,
N_T379I,,,,,,,,,,,,,,,,,,,,,,,,,,,,,,,,,,,,,,,,,,,,,,,"(-0.1367, 0.0126)","(0.2659, 0.0164)",,,,,,,,
N_V72I,,,,,,,,,,,,,,,,,,,,,,,,,,"(0.1956, 0.2432)","(-0.1445, 0.1275)","(-0.4833, 0.088)","(-0.3308, 0.0914)",,,,,,,,"(-0.1079, 0.0809)","(-0.0743, 0.0908)","(-0.1289, 0.0863)","(0.0935, 0.1124)","(0.0644, 0.103)","(-0.1155, 0.0604)","(-0.344, 0.0427)","(-0.204, 0.0586)","(-0.2212, 0.026)","(-0.1096, 0.0388)","(-0.1212, 0.0342)","(0.0816, 0.0356)","(0.0583, 0.0465)","(0.0059, 0.0319)","(-0.1989, 0.0208)","(-0.3919, 0.0145)",,,,
Spike_A1078S,,,,,,,,,,,,,,,,,,,,,,,,,,,,,,,,,,,,,,,,,,,,,,,,"(0.1065, 0.0126)","(0.113, 0.0162)",,,,,,,
Spike_A222V,,,,,,,,,,,,,,,,,,,,,,,,,,,,,,"(0.3035, 0.3699)","(0.1921, 0.2846)",,,,,"(0.1377, 0.3747)","(0.0642, 0.3281)","(-0.0652, 0.3071)","(-0.1367, 0.2428)","(-0.1002, 0.2541)","(-0.106, 0.2124)","(-0.0419, 0.2242)","(-0.0247, 0.2299)","(-0.0098, 0.2039)","(0.0646, 0.2893)","(0.1211, 0.3063)","(0.116, 0.2946)","(-0.0354, 0.2605)","(-0.1155, 0.2171)","(-0.171, 0.177)","(-0.346, 0.088)","(-0.4953, 0.0526)","(-0.5741, 0.031)","(-0.3531, 0.0324)",,
Spike_A262S,,,,,,,,,,,,,,,,,,,,,,,,,,,,,,,,,,,,,,,,,,,,,,,,"(0.1429, 0.0148)","(0.0564, 0.0256)","(-0.244, 0.01)",,,,,,
Spike_A570D,,,,,,,,,,,,,,,,,,,,,,,,,,,,,,,,,,,,,,,,,,,,,,,"(0.6423, 0.0962)","(0.3717, 0.1144)","(0.4039, 0.2313)","(0.4727, 0.3677)","(0.4888, 0.5)","(0.322, 0.6107)","(0.2177, 0.7106)","(0.1627, 0.8176)","(0.1473, 0.9524)",
Spike_A701V,,,,,,,,,,,,,,,,,,,,,,,,,,,,,,,,,,,,,,,,,,,,,,,,,,,,"(0.2369, 0.028)","(0.3921, 0.0336)",,,
Spike_D1118H,,,,,,,,,,,,,,,,,,,,,,,,,,,,,,,,,,,,,,,,,,,,,,,"(0.6448, 0.0962)","(0.3878, 0.116)","(0.4095, 0.232)","(0.4686, 0.3641)","(0.4818, 0.4976)","(0.3178, 0.6029)","(0.2177, 0.7054)","(0.1647, 0.8176)","(0.1494, 0.9444)",
Spike_D215G,,,,,,,,,,,,,,,,,,,,,,,,,,,,,,,,,,,,,,,,,,,,,,,,,,,,"(0.1189, 0.0201)","(0.3285, 0.0284)",,,
Spike_D614G,,,,,,,,"(-0.0088, 0.9511)","(-0.0051, 0.9422)","(0.0059, 0.9476)","(0.0156, 1.0)","(0.019, 0.9861)","(-0.0272, 0.8696)","(-0.0262, 0.9556)",,,,,,,"(0.0268, 1.0)","(0.0138, 0.9855)","(-0.0044, 0.9901)","(-0.003, 0.9886)","(-0.0038, 0.9737)","(0.0015, 1.0)","(-0.0029, 0.9706)","(-0.0072, 0.96)","(-0.012, 0.9645)","(0.0074, 0.9932)","(0.0152, 1.0)","(0.0115, 1.0)","(-0.0114, 0.9562)","(-0.0149, 0.9658)","(-0.0001, 0.9963)","(0.0165, 1.0)","(0.0081, 0.991)","(-0.0016, 0.9939)","(-0.0045, 0.984)","(-0.0113, 0.9577)","(-0.0168, 0.9485)","(-0.0105, 0.9532)","(0.0077, 0.981)","(-0.0053, 0.9231)","(-0.0137, 0.9293)","(-0.0094, 0.9487)","(0.0123, 0.9552)","(0.0103, 0.9595)","(0.0032, 0.9575)","(0.0063, 0.9763)","(0.0114, 0.9902)","(0.0128, 0.9944)","(0.0061, 0.9948)","(0.003, 1.0)","(0.0022, 1.0)",
Spike_D80A,,,,,,,,,,,,,,,,,,,,,,,,,,,,,,,,,,,,,,,,,,,,,,,,,,,,"(0.0568, 0.0168)","(0.3177, 0.0284)",,,
Spike_D80Y,,,,,,,,,,,,,,,,,,,,,,,,,,,,,,,,,,,,,,,,,,,,,,,,,,,,,,,,
Spike_D936Y,,,,,,,,,,,,,,,,,,,,,,,,,,,,,,,,,,,,,,,,,,,,,,,,,,,,,,,,
Spike_E484K,,,,,,,,,,,,,,,,,,,,,,,,,,,,,,,,,,,,,,,,,,,,,,,,,,"(0.4854, 0.0201)","(0.3465, 0.0293)","(0.0638, 0.0257)","(0.3375, 0.0646)",,,
Spike_E583D,,,,,,,,,,,,,,,,,,,,,,,,,,,,,,,,,,,,,,,,,,,,,,,,"(0.0257, 0.012)","(0.0795, 0.0135)","(0.1682, 0.0246)","(0.1435, 0.0159)","(0.001, 0.0157)",,,,
Spike_H69-,,,,,,,,,,,,,,,,,,,,,,,,,,,,,,,,,,,,,,,,,,,,,"(0.2402, 0.112)","(0.2039, 0.1171)","(0.2885, 0.1385)","(0.1365, 0.1669)","(0.2982, 0.2974)","(0.3798, 0.4051)","(0.3926, 0.5575)","(0.2602, 0.6365)","(0.1894, 0.7287)","(0.1338, 0.8324)","(0.1317, 0.9444)",
Spike_K417N,,,,,,,,,,,,,,,,,,,,,,,,,,,,,,,,,,,,,,,,,,,,,,,,,,,,"(0.0481, 0.0168)","(0.2916, 0.0284)",,,
Spike_L189F,,,,,,,,,,,,,,,,,,,,,,,,,,,,,,,,,,,,,,,,,,,,,,,"(0.0924, 0.0302)","(0.0258, 0.0323)","(0.1341, 0.0445)","(0.0025, 0.0274)","(0.0525, 0.0452)","(-0.1561, 0.0224)",,,,
Spike_L18F,,,,,,,,,,,,,,,,,,,,,,,,,,,,,,,,,,,,,,,,,,,,,,,,"(0.0709, 0.0186)","(0.2523, 0.0303)","(0.2874, 0.0201)","(0.152, 0.0355)","(-0.05, 0.0213)","(0.1462, 0.0388)",,,
Spike_L452R,,,,,,,,,,,,,,,,,,,,,,,,,,,,,,,,,,,,,,,,,,,,,,,,"(0.1379, 0.0192)","(0.3387, 0.0303)","(0.2679, 0.0338)","(0.0985, 0.0257)","(0.0491, 0.0391)",,,,
Spike_L5F,,,,,,,,,,,,,,,,,,,,,,,,,,,,,,,,,,,,,,,,,,,,,,,,"(-0.2585, 0.0082)","(-0.0927, 0.0142)","(0.0826, 0.0182)",,,,,,
Spike_M1237I,,,,,,,,,,,,,,,,,,,,,,,,,,,,,,,,,,,,,,,,,,,,,,,,,,"(0.134, 0.0137)",,,,,,
Spike_N439K,,,,,,,,,,,,,,,,,,,,,,,,,,,,,,,,,,,,,,,,"(-0.0146, 0.0244)","(0.0062, 0.0258)","(0.2429, 0.0741)","(0.629, 0.1398)","(0.4277, 0.0867)","(0.0321, 0.0967)","(-0.1937, 0.0707)","(-0.1884, 0.0514)","(-0.1908, 0.0569)","(0.0381, 0.0775)","(0.0347, 0.052)","(-0.0011, 0.0648)","(-0.1213, 0.0481)","(-0.0986, 0.0413)",,,
Spike_N501Y,,,,,,,,,,,,,,,,,,,,,,,,,,,,,,,,,,,,,,,,,,,,,,,"(0.652, 0.1007)","(0.3743, 0.1253)","(0.4248, 0.2549)","(0.4647, 0.3741)","(0.4649, 0.5196)","(0.3021, 0.6253)","(0.2196, 0.7313)","(0.1484, 0.8088)","(0.1437, 0.9762)",
Spike_P272L,,,,,,,,,,,,,,,,,,,,,,,,,,,,,,,,,,,,,,"(-0.1176, 0.0651)","(-0.3104, 0.0335)","(-0.0831, 0.0489)","(-0.1942, 0.03)",,,,,,,"(-0.1372, 0.0257)","(-0.1188, 0.033)","(-0.0909, 0.0274)","(-0.0495, 0.0232)",,,,,
Spike_P681H,,,,,,,,,,,,,,,,,,,,,,,,,,,,,,,,,,,,,,,,,,,,,,,"(0.5755, 0.1188)","(0.3584, 0.1368)","(0.3565, 0.2495)","(0.407, 0.3777)","(0.4368, 0.511)","(0.2999, 0.613)","(0.2089, 0.7132)","(0.1562, 0.8176)","(0.1459, 0.9524)",
Spike_Q675H,,,,,,,,,,,,,,,,,,,,,,,,,,,,,,,,,,,,,,,,,,,,,,"(0.032, 0.0423)","(0.0309, 0.0428)","(0.1223, 0.0509)","(-0.1028, 0.0283)","(-0.1734, 0.0292)","(-0.3963, 0.0134)","(-0.3276, 0.0123)",,,,
Spike_Q677H,,,,,,,,,,,,,,,,,,,,,,,,,,,,,,,,,,,,,,,,,,,,,,,"(-0.2638, 0.0131)","(-0.2904, 0.0099)","(-0.0159, 0.0101)","(-0.0047, 0.0128)",,,,,,
Spike_S477N,,,,,,,,,,,,,,,,,,,,,,,,,,,,,,,,,,,,"(-0.0657, 0.2121)","(0.0674, 0.2876)","(0.1575, 0.3404)","(0.16, 0.3419)","(-0.0368, 0.2541)","(-0.1478, 0.2296)","(-0.142, 0.2203)","(-0.0104, 0.2488)","(-0.0344, 0.1966)","(0.0079, 0.2447)","(0.0711, 0.2931)","(0.1165, 0.2729)","(0.0148, 0.2633)","(-0.1089, 0.2063)","(-0.1527, 0.1779)","(-0.203, 0.1406)","(-0.1759, 0.1242)","(-0.2617, 0.0775)","(-0.3239, 0.0559)",,
Spike_S673T,,,,,,,,,,,,,,,,,,,,,,,,,,,,,,,,,,,,,,"(-0.1174, 0.0711)","(-0.1817, 0.0687)","(0.0311, 0.0782)","(0.0378, 0.0773)","(-0.2574, 0.0292)",,,,,"(-0.2984, 0.0096)","(-0.2889, 0.0088)",,,,,,,,
Spike_S982A,,,,,,,,,,,,,,,,,,,,,,,,,,,,,,,,,,,,,,,,,,,,,,,"(0.6368, 0.0957)","(0.3696, 0.1149)","(0.4107, 0.2306)","(0.475, 0.3695)","(0.4897, 0.5024)","(0.3224, 0.6096)","(0.2133, 0.7054)","(0.1596, 0.8147)","(0.1482, 0.9524)",
Spike_S98F,,,,,,,,,,,,,,,,,,,,,,,,,,,,,,,,,,,,,,,"(0.0979, 0.0479)","(0.1631, 0.0847)","(0.1357, 0.0472)","(-0.0194, 0.0546)","(-0.2084, 0.0403)","(-0.0128, 0.0501)","(0.102, 0.0713)","(0.1951, 0.0686)","(-0.0052, 0.0498)","(-0.2315, 0.0367)","(-0.2263, 0.0357)","(-0.1726, 0.0283)","(-0.0234, 0.0367)","(-0.1633, 0.019)","(-0.0642, 0.0284)",,,
Spike_T478K,,,,,,,,,,,,,,,,,,,,,,,,,,,,,,,,,,,,,,,,,,,,,,,,"(0.1761, 0.0164)","(-0.1451, 0.0094)",,,,,,,
Spike_T588S,,,,,,,,,,,,,,,,,,,,,,,,,,,,,,,,,,,,,,,,,,,,,,,,,,,,,,,,
Spike_T716I,,,,,,,,,,,,,,,,,,,,,,,,,,,,,,,,,,,,,,,,,,,,,,,"(0.6341, 0.1042)","(0.3824, 0.1264)","(0.4131, 0.2421)","(0.4491, 0.375)","(0.4635, 0.5122)","(0.3212, 0.6365)","(0.2221, 0.7313)","(0.1574, 0.8265)","(0.1331, 0.9524)",
Spike_T732A,,,,,,,,,,,,,,,,,,,,,,,,,,,,,,,,,,,,,,,,,,,,,,,,"(0.1626, 0.0148)","(-0.1752, 0.0088)",,,,,,,
Spike_V1104L,,,,,,,,,,,,,,,,,,,,,,,,,,,,,,,,,,,,,,,,,,,,,,,,,,,,,,,,
Spike_V1176F,,,,,,,,,,,,,,,,,,,,,,,,,,,,,,,,,,,,,,,,,,,,,,,,,,,,,,,,
Spike_V1228L,,,,,,,,,,,,,,,,,,,,,,,,,,,,,,,,,,,,,,,,,,,,,,,,,,,,,,,,
Spike_V6F,,,,,,,,,,,,,,,,,,,,,,,,,,,,,,,,,,,,,,,,,,,,,,,,,,,,,,,,
Spike_V70-,,,,,,,,,,,,,,,,,,,,,,,,,,,,,,,,,,,,,,,,,,,,,"(0.2402, 0.112)","(0.2039, 0.1171)","(0.2885, 0.1385)","(0.1365, 0.1669)","(0.2982, 0.2974)","(0.3798, 0.4051)","(0.3926, 0.5575)","(0.2602, 0.6365)","(0.1894, 0.7287)","(0.1338, 0.8324)","(0.1317, 0.9444)",
Spike_V772I,,,,,,,,,,,,,,,,,,,,,,,,,,,,,,,,,,,,,,,,,,,,,,"(-0.0043, 0.0291)","(-0.1076, 0.0302)","(-0.0238, 0.0328)","(0.1357, 0.0445)","(0.0008, 0.0274)","(0.0554, 0.0465)","(-0.1388, 0.0235)",,,,
Spike_V90F,,,,,,,,,,,,,,,,,,,,,,,,,,,,,,,,,,,,,,"(-0.3068, 0.0272)","(-0.3611, 0.0208)",,,,,,,,,,,,,,,,,
Spike_Y144-,,,,,,,,,,,,,,,,,,,,,,,,,,,,,,,,,,,,,,,,,,,,,,,"(0.6421, 0.0972)","(0.3915, 0.1204)","(0.4197, 0.2326)","(0.4643, 0.3668)","(0.4755, 0.5049)","(0.3215, 0.6107)","(0.2152, 0.7054)","(0.1612, 0.8235)","(0.1488, 0.9524)",
